timestamp (+0700),left-elapsed (s),left-x-axis (deg/s),left-y-axis (deg/s),left-z-axis (deg/s),right-elapsed (s),right-x-axis (deg/s),right-y-axis (deg/s),right-z-axis (deg/s)
2021-11-30 10:10:45.343,0.0,0.549,0.244,-0.366,1.06,0.366,0.244,-0.793
2021-11-30 10:10:45.348,0.0,0.549,0.244,-0.366,1.07,0.244,0.244,-0.732
2021-11-30 10:10:45.353,0.01,0.854,0.122,-0.488,1.07,0.244,0.244,-0.732
2021-11-30 10:10:45.358,0.01,0.854,0.122,-0.488,1.08,0.061,0.244,-0.732
2021-11-30 10:10:45.363,0.02,0.488,0.122,-0.427,1.08,0.061,0.244,-0.732
2021-11-30 10:10:45.368,0.02,0.488,0.122,-0.427,1.09,0.122,0.366,-0.732
2021-11-30 10:10:45.373,0.03,0.427,0.244,-0.366,1.09,0.122,0.366,-0.732
2021-11-30 10:10:45.378,0.03,0.427,0.244,-0.366,1.1,0.305,0.427,-0.793
2021-11-30 10:10:45.383,0.04,0.549,0.305,-0.366,1.1,0.305,0.427,-0.793
2021-11-30 10:10:45.388,0.04,0.549,0.305,-0.366,1.11,0.244,0.427,-0.793
2021-11-30 10:10:45.393,0.05,0.61,0.427,-0.305,1.11,0.244,0.427,-0.793
2021-11-30 10:10:45.398,0.05,0.61,0.427,-0.305,1.12,0.183,0.488,-0.854
2021-11-30 10:10:45.403,0.06,0.549,0.488,-0.305,1.12,0.183,0.488,-0.854
2021-11-30 10:10:45.408,0.06,0.549,0.488,-0.305,1.13,0.183,0.488,-0.793
2021-11-30 10:10:45.413,0.07,0.61,0.427,-0.427,1.13,0.183,0.488,-0.793
2021-11-30 10:10:45.418,0.07,0.61,0.427,-0.427,1.14,0.183,0.549,-0.793
2021-11-30 10:10:45.423,0.08,0.671,0.488,-0.427,1.14,0.183,0.549,-0.793
2021-11-30 10:10:45.428,0.08,0.671,0.488,-0.427,1.15,0.244,0.488,-0.671
2021-11-30 10:10:45.433,0.09,0.793,0.61,-0.427,1.15,0.244,0.488,-0.671
2021-11-30 10:10:45.438,0.09,0.793,0.61,-0.427,1.16,0.244,0.366,-0.732
2021-11-30 10:10:45.443,0.1,0.793,0.61,-0.366,1.16,0.244,0.366,-0.732
2021-11-30 10:10:45.448,0.1,0.793,0.61,-0.366,1.17,0.366,0.427,-0.732
2021-11-30 10:10:45.453,0.11,0.915,0.61,-0.427,1.17,0.366,0.427,-0.732
2021-11-30 10:10:45.458,0.11,0.915,0.61,-0.427,1.18,0.305,0.488,-0.732
2021-11-30 10:10:45.463,0.12,0.915,0.549,-0.488,1.18,0.305,0.488,-0.732
2021-11-30 10:10:45.468,0.12,0.915,0.549,-0.488,1.19,0.427,0.488,-0.671
2021-11-30 10:10:45.473,0.13,0.793,0.61,-0.549,1.19,0.427,0.488,-0.671
2021-11-30 10:10:45.478,0.13,0.793,0.61,-0.549,1.2,0.366,0.427,-0.61
2021-11-30 10:10:45.483,0.14,0.793,0.671,-0.488,1.2,0.366,0.427,-0.61
2021-11-30 10:10:45.488,0.14,0.793,0.671,-0.488,1.21,0.305,0.427,-0.671
2021-11-30 10:10:45.493,0.15,0.732,0.671,-0.488,1.21,0.305,0.427,-0.671
2021-11-30 10:10:45.498,0.15,0.732,0.671,-0.488,1.22,0.427,0.427,-0.61
2021-11-30 10:10:45.503,0.16,0.671,0.732,-0.671,1.22,0.427,0.427,-0.61
2021-11-30 10:10:45.508,0.16,0.671,0.732,-0.671,1.23,0.427,0.427,-0.549
2021-11-30 10:10:45.513,0.17,0.793,0.732,-0.549,1.23,0.427,0.427,-0.549
2021-11-30 10:10:45.518,0.17,0.793,0.732,-0.549,1.24,0.427,0.488,-0.549
2021-11-30 10:10:45.523,0.18,0.793,0.671,-0.549,1.24,0.427,0.488,-0.549
2021-11-30 10:10:45.528,0.18,0.793,0.671,-0.549,1.25,0.366,0.488,-0.61
2021-11-30 10:10:45.533,0.19,0.793,0.671,-0.549,1.25,0.366,0.488,-0.61
2021-11-30 10:10:45.538,0.19,0.793,0.671,-0.549,1.26,0.366,0.427,-0.61
2021-11-30 10:10:45.543,0.2,0.671,0.671,-0.488,1.26,0.366,0.427,-0.61
2021-11-30 10:10:45.548,0.2,0.671,0.671,-0.488,1.27,0.366,0.488,-0.488
2021-11-30 10:10:45.553,0.21,0.61,0.61,-0.366,1.27,0.366,0.488,-0.488
2021-11-30 10:10:45.558,0.21,0.61,0.61,-0.366,1.28,0.366,0.488,-0.427
2021-11-30 10:10:45.563,0.22,0.61,0.671,-0.488,1.28,0.366,0.488,-0.427
2021-11-30 10:10:45.568,0.22,0.61,0.671,-0.488,1.29,0.488,0.427,-0.427
2021-11-30 10:10:45.573,0.23,0.549,0.671,-0.549,1.29,0.488,0.427,-0.427
2021-11-30 10:10:45.578,0.23,0.549,0.671,-0.549,1.3,0.427,0.366,-0.488
2021-11-30 10:10:45.583,0.24,0.61,0.732,-0.488,1.3,0.427,0.366,-0.488
2021-11-30 10:10:45.588,0.24,0.61,0.732,-0.488,1.31,0.366,0.366,-0.427
2021-11-30 10:10:45.593,0.25,0.671,0.732,-0.488,1.31,0.366,0.366,-0.427
2021-11-30 10:10:45.598,0.25,0.671,0.732,-0.488,1.32,0.488,0.366,-0.366
2021-11-30 10:10:45.603,0.26,0.549,0.732,-0.427,1.32,0.488,0.366,-0.366
2021-11-30 10:10:45.608,0.26,0.549,0.732,-0.427,1.33,0.366,0.305,-0.244
2021-11-30 10:10:45.613,0.27,0.549,0.671,-0.488,1.33,0.366,0.305,-0.244
2021-11-30 10:10:45.618,0.27,0.549,0.671,-0.488,1.34,0.305,0.305,-0.244
2021-11-30 10:10:45.623,0.28,0.427,0.671,-0.488,1.34,0.305,0.305,-0.244
2021-11-30 10:10:45.628,0.28,0.427,0.671,-0.488,1.35,0.366,0.244,-0.244
2021-11-30 10:10:45.633,0.29,0.549,0.61,-0.427,1.35,0.366,0.244,-0.244
2021-11-30 10:10:45.638,0.29,0.549,0.61,-0.427,1.36,0.488,0.183,-0.183
2021-11-30 10:10:45.643,0.3,0.549,0.61,-0.366,1.36,0.488,0.183,-0.183
2021-11-30 10:10:45.648,0.3,0.549,0.61,-0.366,1.37,0.488,0.183,-0.122
2021-11-30 10:10:45.653,0.31,0.488,0.549,-0.427,1.37,0.488,0.183,-0.122
2021-11-30 10:10:45.658,0.31,0.488,0.549,-0.427,1.38,0.549,0.183,-0.061
2021-11-30 10:10:45.663,0.32,0.549,0.488,-0.488,1.38,0.549,0.183,-0.061
2021-11-30 10:10:45.668,0.32,0.549,0.488,-0.488,1.39,0.427,0.122,-0.122
2021-11-30 10:10:45.673,0.33,0.61,0.549,-0.488,1.39,0.427,0.122,-0.122
2021-11-30 10:10:45.678,0.33,0.61,0.549,-0.488,1.4,0.366,0.122,-0.061
2021-11-30 10:10:45.683,0.34,0.549,0.488,-0.366,1.4,0.366,0.122,-0.061
2021-11-30 10:10:45.688,0.34,0.549,0.488,-0.366,1.41,0.183,0.183,0.0
2021-11-30 10:10:45.693,0.35,0.488,0.488,-0.427,1.41,0.183,0.183,0.0
2021-11-30 10:10:45.698,0.35,0.488,0.488,-0.427,1.42,0.244,0.061,0.0
2021-11-30 10:10:45.703,0.36,0.488,0.549,-0.427,1.42,0.244,0.061,0.0
2021-11-30 10:10:45.708,0.36,0.488,0.549,-0.427,1.43,0.122,-0.061,0.061
2021-11-30 10:10:45.713,0.37,0.427,0.671,-0.488,1.43,0.122,-0.061,0.061
2021-11-30 10:10:45.718,0.37,0.427,0.671,-0.488,1.44,0.305,0.061,0.061
2021-11-30 10:10:45.723,0.38,0.244,0.61,-0.488,1.44,0.305,0.061,0.061
2021-11-30 10:10:45.728,0.38,0.244,0.61,-0.488,1.45,0.488,0.122,0.0
2021-11-30 10:10:45.733,0.39,0.366,0.61,-0.366,1.45,0.488,0.122,0.0
2021-11-30 10:10:45.738,0.39,0.366,0.61,-0.366,1.46,0.427,0.061,0.061
2021-11-30 10:10:45.743,0.4,0.488,0.549,-0.366,1.46,0.427,0.061,0.061
2021-11-30 10:10:45.748,0.4,0.488,0.549,-0.366,1.47,0.427,0.061,0.061
2021-11-30 10:10:45.753,0.41,0.488,0.488,-0.366,1.47,0.427,0.061,0.061
2021-11-30 10:10:45.758,0.41,0.488,0.488,-0.366,1.48,0.427,-0.061,0.061
2021-11-30 10:10:45.763,0.42,0.427,0.549,-0.244,1.48,0.427,-0.061,0.061
2021-11-30 10:10:45.768,0.42,0.427,0.549,-0.244,1.49,0.488,0.0,0.061
2021-11-30 10:10:45.773,0.43,0.366,0.549,-0.366,1.49,0.488,0.0,0.061
2021-11-30 10:10:45.778,0.43,0.366,0.549,-0.366,1.5,0.488,0.061,0.061
2021-11-30 10:10:45.783,0.44,0.366,0.488,-0.366,1.5,0.488,0.061,0.061
2021-11-30 10:10:45.788,0.44,0.366,0.488,-0.366,1.51,0.488,0.0,0.122
2021-11-30 10:10:45.793,0.45,0.366,0.61,-0.305,1.51,0.488,0.0,0.122
2021-11-30 10:10:45.798,0.45,0.366,0.61,-0.305,1.52,0.61,0.0,0.122
2021-11-30 10:10:45.803,0.46,0.427,0.732,-0.305,1.52,0.61,0.0,0.122
2021-11-30 10:10:45.808,0.46,0.427,0.732,-0.305,1.53,0.671,0.061,0.061
2021-11-30 10:10:45.813,0.47,0.427,0.671,-0.305,1.53,0.671,0.061,0.061
2021-11-30 10:10:45.818,0.47,0.427,0.671,-0.305,1.54,0.671,0.061,0.122
2021-11-30 10:10:45.823,0.48,0.305,0.732,-0.366,1.54,0.671,0.061,0.122
2021-11-30 10:10:45.828,0.48,0.305,0.732,-0.366,1.55,0.488,0.0,0.122
2021-11-30 10:10:45.833,0.49,0.244,0.793,-0.366,1.55,0.488,0.0,0.122
2021-11-30 10:10:45.838,0.49,0.244,0.793,-0.366,1.56,0.61,0.061,0.122
2021-11-30 10:10:45.843,0.5,0.244,0.732,-0.183,1.56,0.61,0.061,0.122
2021-11-30 10:10:45.848,0.5,0.244,0.732,-0.183,1.57,0.61,0.0,0.183
2021-11-30 10:10:45.853,0.51,0.183,0.793,-0.183,1.57,0.61,0.0,0.183
2021-11-30 10:10:45.858,0.51,0.183,0.793,-0.183,1.58,0.671,-0.122,0.122
2021-11-30 10:10:45.863,0.52,0.244,0.793,-0.183,1.58,0.671,-0.122,0.122
2021-11-30 10:10:45.868,0.52,0.244,0.793,-0.183,1.59,0.61,-0.122,0.183
2021-11-30 10:10:45.873,0.53,0.305,0.793,-0.122,1.59,0.61,-0.122,0.183
2021-11-30 10:10:45.878,0.53,0.305,0.793,-0.122,1.6,0.732,-0.122,0.244
2021-11-30 10:10:45.883,0.54,0.244,0.854,-0.122,1.6,0.732,-0.122,0.244
2021-11-30 10:10:45.888,0.54,0.244,0.854,-0.122,1.61,0.732,-0.122,0.244
2021-11-30 10:10:45.893,0.55,0.183,0.854,-0.061,1.61,0.732,-0.122,0.244
2021-11-30 10:10:45.898,0.55,0.183,0.854,-0.061,1.62,0.793,-0.183,0.366
2021-11-30 10:10:45.903,0.56,0.183,0.854,-0.061,1.62,0.793,-0.183,0.366
2021-11-30 10:10:45.908,0.56,0.183,0.854,-0.061,1.63,0.915,-0.183,0.427
2021-11-30 10:10:45.913,0.57,0.183,0.732,0.061,1.63,0.915,-0.183,0.427
2021-11-30 10:10:45.918,0.57,0.183,0.732,0.061,1.64,0.915,-0.305,0.427
2021-11-30 10:10:45.923,0.58,0.366,0.732,0.122,1.64,0.915,-0.305,0.427
2021-11-30 10:10:45.928,0.58,0.366,0.732,0.122,1.65,0.915,-0.427,0.488
2021-11-30 10:10:45.933,0.59,0.366,0.671,0.183,1.65,0.915,-0.427,0.488
2021-11-30 10:10:45.938,0.59,0.366,0.671,0.183,1.66,0.976,-0.549,0.427
2021-11-30 10:10:45.943,0.6,0.366,0.732,0.183,1.66,0.976,-0.549,0.427
2021-11-30 10:10:45.948,0.6,0.366,0.732,0.183,1.67,1.098,-0.549,0.549
2021-11-30 10:10:45.953,0.61,0.366,0.793,0.305,1.67,1.098,-0.549,0.549
2021-11-30 10:10:45.958,0.61,0.366,0.793,0.305,1.68,1.098,-0.488,0.488
2021-11-30 10:10:45.963,0.62,0.244,0.793,0.366,1.68,1.098,-0.488,0.488
2021-11-30 10:10:45.968,0.62,0.244,0.793,0.366,1.69,1.037,-0.427,0.488
2021-11-30 10:10:45.973,0.63,0.122,0.854,0.427,1.69,1.037,-0.427,0.488
2021-11-30 10:10:45.978,0.63,0.122,0.854,0.427,1.7,1.037,-0.488,0.549
2021-11-30 10:10:45.983,0.64,0.122,0.976,0.427,1.7,1.037,-0.488,0.549
2021-11-30 10:10:45.988,0.64,0.122,0.976,0.427,1.71,1.037,-0.549,0.549
2021-11-30 10:10:45.993,0.65,0.122,0.915,0.488,1.71,1.037,-0.549,0.549
2021-11-30 10:10:45.998,0.65,0.122,0.915,0.488,1.72,1.037,-0.671,0.732
2021-11-30 10:10:46.003,0.66,0.122,0.732,0.61,1.72,1.037,-0.671,0.732
2021-11-30 10:10:46.008,0.66,0.122,0.732,0.61,1.73,1.037,-0.671,0.793
2021-11-30 10:10:46.013,0.67,0.183,0.793,0.61,1.73,1.037,-0.671,0.793
2021-11-30 10:10:46.018,0.67,0.183,0.793,0.61,1.74,1.098,-0.732,0.793
2021-11-30 10:10:46.023,0.68,0.183,0.793,0.61,1.74,1.098,-0.732,0.793
2021-11-30 10:10:46.028,0.68,0.183,0.793,0.61,1.75,1.22,-0.671,0.793
2021-11-30 10:10:46.033,0.69,0.183,0.671,0.61,1.75,1.22,-0.671,0.793
2021-11-30 10:10:46.038,0.69,0.183,0.671,0.61,1.76,1.159,-0.671,0.732
2021-11-30 10:10:46.043,0.7,0.244,0.732,0.732,1.76,1.159,-0.671,0.732
2021-11-30 10:10:46.048,0.7,0.244,0.732,0.732,1.77,1.28,-0.732,0.671
2021-11-30 10:10:46.053,0.71,0.061,0.671,0.61,1.77,1.28,-0.732,0.671
2021-11-30 10:10:46.058,0.71,0.061,0.671,0.61,1.78,1.28,-0.793,0.732
2021-11-30 10:10:46.063,0.72,0.122,0.61,0.549,1.78,1.28,-0.793,0.732
2021-11-30 10:10:46.068,0.72,0.122,0.61,0.549,1.79,1.28,-0.854,0.854
2021-11-30 10:10:46.073,0.73,0.061,0.671,0.671,1.79,1.28,-0.854,0.854
2021-11-30 10:10:46.078,0.73,0.061,0.671,0.671,1.8,1.22,-0.854,0.854
2021-11-30 10:10:46.083,0.74,0.0,0.732,0.732,1.8,1.22,-0.854,0.854
2021-11-30 10:10:46.088,0.74,0.0,0.732,0.732,1.81,1.22,-0.854,0.915
2021-11-30 10:10:46.093,0.75,-0.122,0.671,0.854,1.81,1.22,-0.854,0.915
2021-11-30 10:10:46.098,0.75,-0.122,0.671,0.854,1.82,1.28,-0.915,0.976
2021-11-30 10:10:46.103,0.76,-0.061,0.549,0.793,1.82,1.28,-0.915,0.976
2021-11-30 10:10:46.108,0.76,-0.061,0.549,0.793,1.83,1.28,-1.037,0.976
2021-11-30 10:10:46.113,0.77,-0.183,0.549,0.671,1.83,1.28,-1.037,0.976
2021-11-30 10:10:46.118,0.77,-0.183,0.549,0.671,1.84,1.28,-1.037,1.098
2021-11-30 10:10:46.123,0.78,-0.305,0.549,0.793,1.84,1.28,-1.037,1.098
2021-11-30 10:10:46.128,0.78,-0.305,0.549,0.793,1.85,1.28,-1.159,0.976
2021-11-30 10:10:46.133,0.79,-0.122,0.549,0.854,1.85,1.28,-1.159,0.976
2021-11-30 10:10:46.138,0.79,-0.122,0.549,0.854,1.86,1.28,-1.098,0.915
2021-11-30 10:10:46.143,0.8,-0.183,0.488,0.854,1.86,1.28,-1.098,0.915
2021-11-30 10:10:46.148,0.8,-0.183,0.488,0.854,1.87,1.28,-1.159,0.976
2021-11-30 10:10:46.153,0.81,-0.244,0.549,0.976,1.87,1.28,-1.159,0.976
2021-11-30 10:10:46.158,0.81,-0.244,0.549,0.976,1.88,1.22,-1.159,0.976
2021-11-30 10:10:46.163,0.82,-0.183,0.488,0.976,1.88,1.22,-1.159,0.976
2021-11-30 10:10:46.168,0.82,-0.183,0.488,0.976,1.89,1.098,-1.159,0.976
2021-11-30 10:10:46.173,0.83,-0.183,0.549,0.915,1.89,1.098,-1.159,0.976
2021-11-30 10:10:46.178,0.83,-0.183,0.549,0.915,1.9,1.22,-1.098,0.915
2021-11-30 10:10:46.183,0.84,-0.305,0.427,0.732,1.9,1.22,-1.098,0.915
2021-11-30 10:10:46.188,0.84,-0.305,0.427,0.732,1.91,1.28,-1.098,0.915
2021-11-30 10:10:46.193,0.85,-0.305,0.427,0.793,1.91,1.28,-1.098,0.915
2021-11-30 10:10:46.198,0.85,-0.305,0.427,0.793,1.92,1.28,-1.159,0.854
2021-11-30 10:10:46.203,0.86,-0.244,0.366,0.793,1.92,1.28,-1.159,0.854
2021-11-30 10:10:46.208,0.86,-0.244,0.366,0.793,1.93,1.341,-1.037,0.793
2021-11-30 10:10:46.213,0.87,-0.183,0.366,0.732,1.93,1.341,-1.037,0.793
2021-11-30 10:10:46.218,0.87,-0.183,0.366,0.732,1.94,1.402,-1.037,0.732
2021-11-30 10:10:46.223,0.88,-0.183,0.427,0.793,1.94,1.402,-1.037,0.732
2021-11-30 10:10:46.228,0.88,-0.183,0.427,0.793,1.95,1.463,-1.098,0.671
2021-11-30 10:10:46.233,0.89,-0.183,0.366,0.732,1.95,1.463,-1.098,0.671
2021-11-30 10:10:46.238,0.89,-0.183,0.366,0.732,1.96,1.28,-1.037,0.671
2021-11-30 10:10:46.243,0.9,-0.183,0.366,0.732,1.96,1.28,-1.037,0.671
2021-11-30 10:10:46.248,0.9,-0.183,0.366,0.732,1.97,1.28,-1.037,0.732
2021-11-30 10:10:46.253,0.91,-0.183,0.305,0.671,1.97,1.28,-1.037,0.732
2021-11-30 10:10:46.258,0.91,-0.183,0.305,0.671,1.98,1.22,-1.098,0.671
2021-11-30 10:10:46.263,0.92,-0.122,0.305,0.671,1.98,1.22,-1.098,0.671
2021-11-30 10:10:46.268,0.92,-0.122,0.305,0.671,1.99,1.22,-1.037,0.671
2021-11-30 10:10:46.273,0.93,-0.122,0.305,0.61,1.99,1.22,-1.037,0.671
2021-11-30 10:10:46.278,0.93,-0.122,0.305,0.61,2.0,1.22,-1.098,0.671
2021-11-30 10:10:46.283,0.94,-0.122,0.244,0.61,2.0,1.22,-1.098,0.671
2021-11-30 10:10:46.288,0.94,-0.122,0.244,0.61,2.01,1.28,-1.159,0.61
2021-11-30 10:10:46.293,0.95,-0.122,0.183,0.732,2.01,1.28,-1.159,0.61
2021-11-30 10:10:46.298,0.95,-0.122,0.183,0.732,2.02,1.22,-1.22,0.671
2021-11-30 10:10:46.303,0.96,0.0,0.183,0.549,2.02,1.22,-1.22,0.671
2021-11-30 10:10:46.308,0.96,0.0,0.183,0.549,2.03,1.159,-1.22,0.671
2021-11-30 10:10:46.313,0.97,0.061,0.183,0.488,2.03,1.159,-1.22,0.671
2021-11-30 10:10:46.318,0.97,0.061,0.183,0.488,2.04,1.098,-1.159,0.671
2021-11-30 10:10:46.323,0.98,-0.061,0.122,0.488,2.04,1.098,-1.159,0.671
2021-11-30 10:10:46.328,0.98,-0.061,0.122,0.488,2.05,1.098,-1.159,0.61
2021-11-30 10:10:46.333,0.99,-0.061,0.183,0.61,2.05,1.098,-1.159,0.61
2021-11-30 10:10:46.338,0.99,-0.061,0.183,0.61,2.06,1.098,-1.159,0.671
2021-11-30 10:10:46.343,1.0,0.0,0.183,0.427,2.06,1.098,-1.159,0.671
2021-11-30 10:10:46.348,1.0,0.0,0.183,0.427,2.07,1.037,-1.22,0.61
2021-11-30 10:10:46.353,1.01,-0.122,0.061,0.427,2.07,1.037,-1.22,0.61
2021-11-30 10:10:46.358,1.01,-0.122,0.061,0.427,2.08,1.098,-1.159,0.549
2021-11-30 10:10:46.363,1.02,-0.122,0.122,0.488,2.08,1.098,-1.159,0.549
2021-11-30 10:10:46.368,1.02,-0.122,0.122,0.488,2.09,1.159,-1.037,0.549
2021-11-30 10:10:46.373,1.03,-0.183,0.122,0.549,2.09,1.159,-1.037,0.549
2021-11-30 10:10:46.378,1.03,-0.183,0.122,0.549,2.1,1.159,-0.976,0.61
2021-11-30 10:10:46.383,1.04,-0.122,0.061,0.488,2.1,1.159,-0.976,0.61
2021-11-30 10:10:46.388,1.04,-0.122,0.061,0.488,2.11,1.159,-1.098,0.61
2021-11-30 10:10:46.393,1.05,-0.183,0.122,0.549,2.11,1.159,-1.098,0.61
2021-11-30 10:10:46.398,1.05,-0.183,0.122,0.549,2.12,1.22,-1.098,0.549
2021-11-30 10:10:46.403,1.06,-0.122,0.122,0.366,2.12,1.22,-1.098,0.549
2021-11-30 10:10:46.408,1.06,-0.122,0.122,0.366,2.13,1.22,-1.159,0.61
2021-11-30 10:10:46.413,1.07,-0.244,0.061,0.427,2.13,1.22,-1.159,0.61
2021-11-30 10:10:46.418,1.07,-0.244,0.061,0.427,2.14,1.098,-1.159,0.671
2021-11-30 10:10:46.423,1.08,-0.061,0.061,0.366,2.14,1.098,-1.159,0.671
2021-11-30 10:10:46.428,1.08,-0.061,0.061,0.366,2.15,0.976,-1.159,0.671
2021-11-30 10:10:46.433,1.09,-0.122,0.061,0.305,2.15,0.976,-1.159,0.671
2021-11-30 10:10:46.438,1.09,-0.122,0.061,0.305,2.16,0.976,-1.22,0.61
2021-11-30 10:10:46.443,1.1,-0.061,0.0,0.366,2.16,0.976,-1.22,0.61
2021-11-30 10:10:46.448,1.1,-0.061,0.0,0.366,2.17,0.976,-1.22,0.671
2021-11-30 10:10:46.453,1.11,0.0,-0.061,0.366,2.17,0.976,-1.22,0.671
2021-11-30 10:10:46.458,1.11,0.0,-0.061,0.366,2.18,0.915,-1.28,0.732
2021-11-30 10:10:46.463,1.12,-0.061,-0.061,0.366,2.18,0.915,-1.28,0.732
2021-11-30 10:10:46.468,1.12,-0.061,-0.061,0.366,2.19,0.976,-1.341,0.732
2021-11-30 10:10:46.473,1.13,-0.244,0.0,0.488,2.19,0.976,-1.341,0.732
2021-11-30 10:10:46.478,1.13,-0.244,0.0,0.488,2.2,0.915,-1.402,0.732
2021-11-30 10:10:46.483,1.14,-0.183,0.0,0.549,2.2,0.915,-1.402,0.732
2021-11-30 10:10:46.488,1.14,-0.183,0.0,0.549,2.21,1.037,-1.402,0.732
2021-11-30 10:10:46.493,1.15,-0.183,-0.061,0.488,2.21,1.037,-1.402,0.732
2021-11-30 10:10:46.498,1.15,-0.183,-0.061,0.488,2.22,1.159,-1.463,0.854
2021-11-30 10:10:46.503,1.16,-0.183,-0.122,0.488,2.22,1.159,-1.463,0.854
2021-11-30 10:10:46.508,1.16,-0.183,-0.122,0.488,2.23,1.159,-1.463,0.915
2021-11-30 10:10:46.513,1.17,-0.183,-0.183,0.488,2.23,1.159,-1.463,0.915
2021-11-30 10:10:46.518,1.17,-0.183,-0.183,0.488,2.24,1.22,-1.524,0.915
2021-11-30 10:10:46.523,1.18,-0.244,-0.183,0.488,2.24,1.22,-1.524,0.915
2021-11-30 10:10:46.528,1.18,-0.244,-0.183,0.488,2.25,1.159,-1.585,0.976
2021-11-30 10:10:46.533,1.19,-0.122,-0.122,0.549,2.25,1.159,-1.585,0.976
2021-11-30 10:10:46.538,1.19,-0.122,-0.122,0.549,2.26,1.037,-1.585,0.976
2021-11-30 10:10:46.543,1.2,-0.244,-0.183,0.549,2.26,1.037,-1.585,0.976
2021-11-30 10:10:46.548,1.2,-0.244,-0.183,0.549,2.27,1.159,-1.646,0.915
2021-11-30 10:10:46.553,1.21,-0.366,-0.061,0.671,2.27,1.159,-1.646,0.915
2021-11-30 10:10:46.558,1.21,-0.366,-0.061,0.671,2.28,1.159,-1.585,0.854
2021-11-30 10:10:46.563,1.22,-0.366,0.0,0.732,2.28,1.159,-1.585,0.854
2021-11-30 10:10:46.568,1.22,-0.366,0.0,0.732,2.29,1.098,-1.646,0.854
2021-11-30 10:10:46.573,1.23,-0.488,-0.061,0.671,2.29,1.098,-1.646,0.854
2021-11-30 10:10:46.578,1.23,-0.488,-0.061,0.671,2.3,1.037,-1.646,0.854
2021-11-30 10:10:46.583,1.24,-0.488,-0.061,0.61,2.3,1.037,-1.646,0.854
2021-11-30 10:10:46.588,1.24,-0.488,-0.061,0.61,2.31,1.037,-1.646,0.854
2021-11-30 10:10:46.593,1.25,-0.366,-0.122,0.61,2.31,1.037,-1.646,0.854
2021-11-30 10:10:46.598,1.25,-0.366,-0.122,0.61,2.32,1.037,-1.707,0.793
2021-11-30 10:10:46.603,1.26,-0.244,-0.183,0.671,2.32,1.037,-1.707,0.793
2021-11-30 10:10:46.608,1.26,-0.244,-0.183,0.671,2.33,0.976,-1.768,0.793
2021-11-30 10:10:46.613,1.27,-0.183,-0.244,0.61,2.33,0.976,-1.768,0.793
2021-11-30 10:10:46.618,1.27,-0.183,-0.244,0.61,2.34,1.159,-1.768,0.854
2021-11-30 10:10:46.623,1.28,-0.305,-0.244,0.61,2.34,1.159,-1.768,0.854
2021-11-30 10:10:46.628,1.28,-0.305,-0.244,0.61,2.35,1.159,-1.829,0.793
2021-11-30 10:10:46.633,1.29,-0.427,-0.183,0.549,2.35,1.159,-1.829,0.793
2021-11-30 10:10:46.638,1.29,-0.427,-0.183,0.549,2.36,1.159,-1.707,0.854
2021-11-30 10:10:46.643,1.3,-0.427,-0.244,0.488,2.36,1.159,-1.707,0.854
2021-11-30 10:10:46.648,1.3,-0.427,-0.244,0.488,2.37,0.976,-1.646,0.915
2021-11-30 10:10:46.653,1.31,-0.366,-0.305,0.488,2.37,0.976,-1.646,0.915
2021-11-30 10:10:46.658,1.31,-0.366,-0.305,0.488,2.38,0.915,-1.646,0.793
2021-11-30 10:10:46.663,1.32,-0.305,-0.183,0.488,2.38,0.915,-1.646,0.793
2021-11-30 10:10:46.668,1.32,-0.305,-0.183,0.488,2.39,1.037,-1.707,0.976
2021-11-30 10:10:46.673,1.33,-0.183,-0.183,0.549,2.39,1.037,-1.707,0.976
2021-11-30 10:10:46.678,1.33,-0.183,-0.183,0.549,2.4,0.915,-1.768,1.037
2021-11-30 10:10:46.683,1.34,-0.244,-0.183,0.427,2.4,0.915,-1.768,1.037
2021-11-30 10:10:46.688,1.34,-0.244,-0.183,0.427,2.41,0.793,-1.585,1.098
2021-11-30 10:10:46.693,1.35,-0.244,-0.183,0.488,2.41,0.793,-1.585,1.098
2021-11-30 10:10:46.698,1.35,-0.244,-0.183,0.488,2.42,0.976,-1.585,1.037
2021-11-30 10:10:46.703,1.36,-0.244,-0.244,0.488,2.42,0.976,-1.585,1.037
2021-11-30 10:10:46.708,1.36,-0.244,-0.244,0.488,2.43,0.915,-1.646,1.037
2021-11-30 10:10:46.713,1.37,-0.305,-0.183,0.549,2.43,0.915,-1.646,1.037
2021-11-30 10:10:46.718,1.37,-0.305,-0.183,0.549,2.44,0.915,-1.646,1.098
2021-11-30 10:10:46.723,1.38,-0.305,-0.183,0.427,2.44,0.915,-1.646,1.098
2021-11-30 10:10:46.728,1.38,-0.305,-0.183,0.427,2.45,1.037,-1.707,0.976
2021-11-30 10:10:46.733,1.39,-0.244,-0.244,0.427,2.45,1.037,-1.707,0.976
2021-11-30 10:10:46.738,1.39,-0.244,-0.244,0.427,2.46,0.915,-1.646,0.976
2021-11-30 10:10:46.743,1.4,-0.183,-0.244,0.305,2.46,0.915,-1.646,0.976
2021-11-30 10:10:46.748,1.4,-0.183,-0.244,0.305,2.47,0.915,-1.646,0.854
2021-11-30 10:10:46.753,1.41,-0.061,-0.244,0.305,2.47,0.915,-1.646,0.854
2021-11-30 10:10:46.758,1.41,-0.061,-0.244,0.305,2.48,0.915,-1.707,0.915
2021-11-30 10:10:46.763,1.42,-0.244,-0.305,0.305,2.48,0.915,-1.707,0.915
2021-11-30 10:10:46.768,1.42,-0.244,-0.305,0.305,2.49,0.976,-1.646,0.854
2021-11-30 10:10:46.773,1.43,-0.244,-0.244,0.244,2.49,0.976,-1.646,0.854
2021-11-30 10:10:46.778,1.43,-0.244,-0.244,0.244,2.5,0.793,-1.585,0.793
2021-11-30 10:10:46.783,1.44,-0.122,-0.183,0.244,2.5,0.793,-1.585,0.793
2021-11-30 10:10:46.788,1.44,-0.122,-0.183,0.244,2.51,0.61,-1.585,0.549
2021-11-30 10:10:46.793,1.45,-0.122,-0.244,0.244,2.51,0.61,-1.585,0.549
2021-11-30 10:10:46.798,1.45,-0.122,-0.244,0.244,2.52,0.671,-1.402,0.366
2021-11-30 10:10:46.803,1.46,-0.122,-0.305,0.122,2.52,0.671,-1.402,0.366
2021-11-30 10:10:46.808,1.46,-0.122,-0.305,0.122,2.53,0.671,-1.341,0.366
2021-11-30 10:10:46.813,1.47,0.0,-0.366,0.122,2.53,0.671,-1.341,0.366
2021-11-30 10:10:46.818,1.47,0.0,-0.366,0.122,2.54,0.61,-1.22,0.305
2021-11-30 10:10:46.823,1.48,-0.122,-0.244,0.122,2.54,0.61,-1.22,0.305
2021-11-30 10:10:46.828,1.48,-0.122,-0.244,0.122,2.55,0.549,-1.159,0.183
2021-11-30 10:10:46.833,1.49,-0.061,-0.244,0.244,2.55,0.549,-1.159,0.183
2021-11-30 10:10:46.838,1.49,-0.061,-0.244,0.244,2.56,0.61,-1.098,0.061
2021-11-30 10:10:46.843,1.5,-0.122,-0.305,0.122,2.56,0.61,-1.098,0.061
2021-11-30 10:10:46.848,1.5,-0.122,-0.305,0.122,2.57,0.61,-1.098,0.0
2021-11-30 10:10:46.853,1.51,-0.122,-0.305,0.122,2.57,0.61,-1.098,0.0
2021-11-30 10:10:46.858,1.51,-0.122,-0.305,0.122,2.58,0.671,-1.159,0.122
2021-11-30 10:10:46.863,1.52,0.0,-0.244,0.122,2.58,0.671,-1.159,0.122
2021-11-30 10:10:46.868,1.52,0.0,-0.244,0.122,2.59,0.671,-1.159,-0.061
2021-11-30 10:10:46.873,1.53,0.122,-0.305,0.061,2.59,0.671,-1.159,-0.061
2021-11-30 10:10:46.878,1.53,0.122,-0.305,0.061,2.6,0.671,-1.098,-0.061
2021-11-30 10:10:46.883,1.54,0.122,-0.305,0.0,2.6,0.671,-1.098,-0.061
2021-11-30 10:10:46.888,1.54,0.122,-0.305,0.0,2.61,0.671,-1.098,-0.122
2021-11-30 10:10:46.893,1.55,0.122,-0.305,0.061,2.61,0.671,-1.098,-0.122
2021-11-30 10:10:46.898,1.55,0.122,-0.305,0.061,2.62,0.671,-1.22,-0.122
2021-11-30 10:10:46.903,1.56,0.061,-0.305,0.061,2.62,0.671,-1.22,-0.122
2021-11-30 10:10:46.908,1.56,0.061,-0.305,0.061,2.63,0.671,-1.22,-0.183
2021-11-30 10:10:46.913,1.57,0.061,-0.244,0.061,2.63,0.671,-1.22,-0.183
2021-11-30 10:10:46.918,1.57,0.061,-0.244,0.061,2.64,0.732,-1.159,-0.305
2021-11-30 10:10:46.923,1.58,0.061,-0.305,-0.061,2.64,0.732,-1.159,-0.305
2021-11-30 10:10:46.928,1.58,0.061,-0.305,-0.061,2.65,0.671,-1.098,-0.183
2021-11-30 10:10:46.933,1.59,0.061,-0.305,0.0,2.65,0.671,-1.098,-0.183
2021-11-30 10:10:46.938,1.59,0.061,-0.305,0.0,2.66,0.732,-1.159,-0.122
2021-11-30 10:10:46.943,1.6,0.0,-0.244,0.0,2.66,0.732,-1.159,-0.122
2021-11-30 10:10:46.948,1.6,0.0,-0.244,0.0,2.67,0.732,-1.159,-0.244
2021-11-30 10:10:46.953,1.61,0.0,-0.305,-0.122,2.67,0.732,-1.159,-0.244
2021-11-30 10:10:46.958,1.61,0.0,-0.305,-0.122,2.68,0.61,-1.098,-0.244
2021-11-30 10:10:46.963,1.62,0.0,-0.366,-0.183,2.68,0.61,-1.098,-0.244
2021-11-30 10:10:46.968,1.62,0.0,-0.366,-0.183,2.69,0.488,-1.098,-0.305
2021-11-30 10:10:46.973,1.63,0.0,-0.366,-0.122,2.69,0.488,-1.098,-0.305
2021-11-30 10:10:46.978,1.63,0.0,-0.366,-0.122,2.7,0.671,-1.098,-0.244
2021-11-30 10:10:46.983,1.64,0.061,-0.366,-0.183,2.7,0.671,-1.098,-0.244
2021-11-30 10:10:46.988,1.64,0.061,-0.366,-0.183,2.71,0.61,-1.159,-0.305
2021-11-30 10:10:46.993,1.65,0.183,-0.427,-0.244,2.71,0.61,-1.159,-0.305
2021-11-30 10:10:46.998,1.65,0.183,-0.427,-0.244,2.72,0.793,-1.037,-0.366
2021-11-30 10:10:47.003,1.66,0.244,-0.427,-0.183,2.72,0.793,-1.037,-0.366
2021-11-30 10:10:47.008,1.66,0.244,-0.427,-0.183,2.73,0.671,-0.976,-0.488
2021-11-30 10:10:47.013,1.67,0.122,-0.427,-0.183,2.73,0.671,-0.976,-0.488
2021-11-30 10:10:47.018,1.67,0.122,-0.427,-0.183,2.74,0.61,-0.976,-0.549
2021-11-30 10:10:47.023,1.68,0.061,-0.427,-0.244,2.74,0.61,-0.976,-0.549
2021-11-30 10:10:47.028,1.68,0.061,-0.427,-0.244,2.75,0.61,-0.854,-0.549
2021-11-30 10:10:47.033,1.69,0.244,-0.305,-0.244,2.75,0.61,-0.854,-0.549
2021-11-30 10:10:47.038,1.69,0.244,-0.305,-0.244,2.76,0.732,-0.854,-0.549
2021-11-30 10:10:47.043,1.7,0.122,-0.427,-0.183,2.76,0.732,-0.854,-0.549
2021-11-30 10:10:47.048,1.7,0.122,-0.427,-0.183,2.77,0.793,-0.915,-0.671
2021-11-30 10:10:47.053,1.71,0.061,-0.366,-0.244,2.77,0.793,-0.915,-0.671
2021-11-30 10:10:47.058,1.71,0.061,-0.366,-0.244,2.78,0.793,-0.793,-0.61
2021-11-30 10:10:47.063,1.72,0.244,-0.366,-0.366,2.78,0.793,-0.793,-0.61
2021-11-30 10:10:47.068,1.72,0.244,-0.366,-0.366,2.79,0.671,-0.793,-0.549
2021-11-30 10:10:47.073,1.73,0.183,-0.488,-0.305,2.79,0.671,-0.793,-0.549
2021-11-30 10:10:47.078,1.73,0.183,-0.488,-0.305,2.8,0.732,-0.854,-0.549
2021-11-30 10:10:47.083,1.74,0.244,-0.549,-0.244,2.8,0.732,-0.854,-0.549
2021-11-30 10:10:47.088,1.74,0.244,-0.549,-0.244,2.81,0.671,-0.854,-0.732
2021-11-30 10:10:47.093,1.75,0.183,-0.61,-0.305,2.81,0.671,-0.854,-0.732
2021-11-30 10:10:47.098,1.75,0.183,-0.61,-0.305,2.82,0.671,-0.793,-0.732
2021-11-30 10:10:47.103,1.76,0.122,-0.549,-0.183,2.82,0.671,-0.793,-0.732
2021-11-30 10:10:47.108,1.76,0.122,-0.549,-0.183,2.83,0.61,-0.854,-0.549
2021-11-30 10:10:47.113,1.77,0.183,-0.305,-0.183,2.83,0.61,-0.854,-0.549
2021-11-30 10:10:47.118,1.77,0.183,-0.305,-0.183,2.84,0.732,-0.915,-0.549
2021-11-30 10:10:47.123,1.78,0.183,-0.305,-0.244,2.84,0.732,-0.915,-0.549
2021-11-30 10:10:47.128,1.78,0.183,-0.305,-0.244,2.85,0.732,-0.854,-0.549
2021-11-30 10:10:47.133,1.79,0.122,-0.427,-0.244,2.85,0.732,-0.854,-0.549
2021-11-30 10:10:47.138,1.79,0.122,-0.427,-0.244,2.86,0.61,-0.915,-0.549
2021-11-30 10:10:47.143,1.8,0.183,-0.488,-0.183,2.86,0.61,-0.915,-0.549
2021-11-30 10:10:47.148,1.8,0.183,-0.488,-0.183,2.87,0.732,-1.037,-0.61
2021-11-30 10:10:47.153,1.81,0.183,-0.427,-0.122,2.87,0.732,-1.037,-0.61
2021-11-30 10:10:47.158,1.81,0.183,-0.427,-0.122,2.88,0.671,-0.915,-0.61
2021-11-30 10:10:47.163,1.82,0.122,-0.244,-0.061,2.88,0.671,-0.915,-0.61
2021-11-30 10:10:47.168,1.82,0.122,-0.244,-0.061,2.89,0.61,-0.854,-0.61
2021-11-30 10:10:47.173,1.83,0.183,-0.244,0.0,2.89,0.61,-0.854,-0.61
2021-11-30 10:10:47.178,1.83,0.183,-0.244,0.0,2.9,0.61,-0.854,-0.61
2021-11-30 10:10:47.183,1.84,0.183,-0.244,-0.061,2.9,0.61,-0.854,-0.61
2021-11-30 10:10:47.188,1.84,0.183,-0.244,-0.061,2.91,0.671,-0.793,-0.793
2021-11-30 10:10:47.193,1.85,0.122,-0.244,0.0,2.91,0.671,-0.793,-0.793
2021-11-30 10:10:47.198,1.85,0.122,-0.244,0.0,2.92,0.549,-0.671,-0.732
2021-11-30 10:10:47.203,1.86,0.0,-0.305,0.0,2.92,0.549,-0.671,-0.732
2021-11-30 10:10:47.208,1.86,0.0,-0.305,0.0,2.93,0.488,-0.671,-0.671
2021-11-30 10:10:47.213,1.87,0.061,-0.305,-0.122,2.93,0.488,-0.671,-0.671
2021-11-30 10:10:47.218,1.87,0.061,-0.305,-0.122,2.94,0.427,-0.61,-0.732
2021-11-30 10:10:47.223,1.88,0.122,-0.244,-0.061,2.94,0.427,-0.61,-0.732
2021-11-30 10:10:47.228,1.88,0.122,-0.244,-0.061,2.95,0.427,-0.488,-0.793
2021-11-30 10:10:47.233,1.89,0.244,-0.244,-0.122,2.95,0.427,-0.488,-0.793
2021-11-30 10:10:47.238,1.89,0.244,-0.244,-0.122,2.96,0.549,-0.549,-0.793
2021-11-30 10:10:47.243,1.9,0.305,-0.244,-0.183,2.96,0.549,-0.549,-0.793
2021-11-30 10:10:47.248,1.9,0.305,-0.244,-0.183,2.97,0.61,-0.427,-0.793
2021-11-30 10:10:47.253,1.91,0.244,-0.244,-0.183,2.97,0.61,-0.427,-0.793
2021-11-30 10:10:47.258,1.91,0.244,-0.244,-0.183,2.98,0.61,-0.549,-0.793
2021-11-30 10:10:47.263,1.92,0.183,-0.183,-0.122,2.98,0.61,-0.549,-0.793
2021-11-30 10:10:47.268,1.92,0.183,-0.183,-0.122,2.99,0.549,-0.671,-0.732
2021-11-30 10:10:47.273,1.93,0.061,-0.244,-0.183,2.99,0.549,-0.671,-0.732
2021-11-30 10:10:47.278,1.93,0.061,-0.244,-0.183,3.0,0.488,-0.61,-0.671
2021-11-30 10:10:47.283,1.94,-0.061,-0.244,-0.183,3.0,0.488,-0.61,-0.671
2021-11-30 10:10:47.288,1.94,-0.061,-0.244,-0.183,3.01,0.488,-0.671,-0.549
2021-11-30 10:10:47.293,1.95,-0.061,-0.244,-0.122,3.01,0.488,-0.671,-0.549
2021-11-30 10:10:47.298,1.95,-0.061,-0.244,-0.122,3.02,0.61,-0.671,-0.427
2021-11-30 10:10:47.303,1.96,0.122,-0.244,-0.122,3.02,0.61,-0.671,-0.427
2021-11-30 10:10:47.308,1.96,0.122,-0.244,-0.122,3.03,0.671,-0.793,-0.366
2021-11-30 10:10:47.313,1.97,0.061,-0.122,-0.061,3.03,0.671,-0.793,-0.366
2021-11-30 10:10:47.318,1.97,0.061,-0.122,-0.061,3.04,0.488,-0.854,-0.305
2021-11-30 10:10:47.323,1.98,0.122,-0.183,0.061,3.04,0.488,-0.854,-0.305
2021-11-30 10:10:47.328,1.98,0.122,-0.183,0.061,3.05,0.488,-0.915,-0.305
2021-11-30 10:10:47.333,1.99,0.122,-0.244,0.305,3.05,0.488,-0.915,-0.305
2021-11-30 10:10:47.338,1.99,0.122,-0.244,0.305,3.06,0.549,-0.915,-0.183
2021-11-30 10:10:47.343,2.0,0.0,-0.183,0.305,3.06,0.549,-0.915,-0.183
2021-11-30 10:10:47.348,2.0,0.0,-0.183,0.305,3.07,0.732,-1.037,-0.061
2021-11-30 10:10:47.353,2.01,0.122,-0.122,0.366,3.07,0.732,-1.037,-0.061
2021-11-30 10:10:47.358,2.01,0.122,-0.122,0.366,3.08,0.793,-1.037,-0.061
2021-11-30 10:10:47.363,2.02,0.061,-0.122,0.366,3.08,0.793,-1.037,-0.061
2021-11-30 10:10:47.368,2.02,0.061,-0.122,0.366,3.09,0.793,-1.037,-0.122
2021-11-30 10:10:47.373,2.03,0.061,-0.122,0.427,3.09,0.793,-1.037,-0.122
2021-11-30 10:10:47.378,2.03,0.061,-0.122,0.427,3.1,0.793,-0.976,-0.183
2021-11-30 10:10:47.383,2.04,0.122,-0.061,0.427,3.1,0.793,-0.976,-0.183
2021-11-30 10:10:47.388,2.04,0.122,-0.061,0.427,3.11,0.732,-0.915,-0.122
2021-11-30 10:10:47.393,2.05,-0.061,-0.061,0.366,3.11,0.732,-0.915,-0.122
2021-11-30 10:10:47.398,2.05,-0.061,-0.061,0.366,3.12,0.793,-0.793,-0.122
2021-11-30 10:10:47.403,2.06,0.0,-0.061,0.366,3.12,0.793,-0.793,-0.122
2021-11-30 10:10:47.408,2.06,0.0,-0.061,0.366,3.13,0.793,-0.732,-0.183
2021-11-30 10:10:47.413,2.07,0.061,0.0,0.366,3.13,0.793,-0.732,-0.183
2021-11-30 10:10:47.418,2.07,0.061,0.0,0.366,3.14,0.61,-0.732,-0.183
2021-11-30 10:10:47.423,2.08,0.0,0.061,0.305,3.14,0.61,-0.732,-0.183
2021-11-30 10:10:47.428,2.08,0.0,0.061,0.305,3.15,0.488,-0.732,-0.244
2021-11-30 10:10:47.433,2.09,0.061,0.061,0.244,3.15,0.488,-0.732,-0.244
2021-11-30 10:10:47.438,2.09,0.061,0.061,0.244,3.16,0.671,-0.671,-0.244
2021-11-30 10:10:47.443,2.1,0.183,0.0,0.183,3.16,0.671,-0.671,-0.244
2021-11-30 10:10:47.448,2.1,0.183,0.0,0.183,3.17,0.671,-0.671,-0.244
2021-11-30 10:10:47.453,2.11,0.122,0.061,0.183,3.17,0.671,-0.671,-0.244
2021-11-30 10:10:47.458,2.11,0.122,0.061,0.183,3.18,0.793,-0.671,-0.305
2021-11-30 10:10:47.463,2.12,0.061,0.122,0.183,3.18,0.793,-0.671,-0.305
2021-11-30 10:10:47.468,2.12,0.061,0.122,0.183,3.19,0.732,-0.732,-0.305
2021-11-30 10:10:47.473,2.13,-0.061,0.061,0.061,3.19,0.732,-0.732,-0.305
2021-11-30 10:10:47.478,2.13,-0.061,0.061,0.061,3.2,0.671,-0.793,-0.183
2021-11-30 10:10:47.483,2.14,0.0,0.061,0.122,3.2,0.671,-0.793,-0.183
2021-11-30 10:10:47.488,2.14,0.0,0.061,0.122,3.21,0.61,-0.854,-0.183
2021-11-30 10:10:47.493,2.15,0.0,0.0,0.122,3.21,0.61,-0.854,-0.183
2021-11-30 10:10:47.498,2.15,0.0,0.0,0.122,3.22,0.671,-0.793,-0.061
2021-11-30 10:10:47.503,2.16,0.061,-0.122,0.183,3.22,0.671,-0.793,-0.061
2021-11-30 10:10:47.508,2.16,0.061,-0.122,0.183,3.23,0.61,-0.793,0.0
2021-11-30 10:10:47.513,2.17,0.122,-0.061,0.122,3.23,0.61,-0.793,0.0
2021-11-30 10:10:47.518,2.17,0.122,-0.061,0.122,3.24,0.61,-0.793,0.0
2021-11-30 10:10:47.523,2.18,0.122,0.0,0.183,3.24,0.61,-0.793,0.0
2021-11-30 10:10:47.528,2.18,0.122,0.0,0.183,3.25,0.793,-0.793,0.061
2021-11-30 10:10:47.533,2.19,0.183,0.0,0.305,3.25,0.793,-0.793,0.061
2021-11-30 10:10:47.538,2.19,0.183,0.0,0.305,3.26,0.61,-0.854,0.183
2021-11-30 10:10:47.543,2.2,0.122,0.0,0.305,3.26,0.61,-0.854,0.183
2021-11-30 10:10:47.548,2.2,0.122,0.0,0.305,3.27,0.549,-0.793,0.0
2021-11-30 10:10:47.553,2.21,0.0,0.0,0.366,3.27,0.549,-0.793,0.0
2021-11-30 10:10:47.558,2.21,0.0,0.0,0.366,3.28,0.427,-0.793,-0.061
2021-11-30 10:10:47.563,2.22,0.0,0.061,0.305,3.28,0.427,-0.793,-0.061
2021-11-30 10:10:47.568,2.22,0.0,0.061,0.305,3.29,0.305,-0.793,0.061
2021-11-30 10:10:47.573,2.23,-0.061,0.122,0.305,3.29,0.305,-0.793,0.061
2021-11-30 10:10:47.578,2.23,-0.061,0.122,0.305,3.3,0.061,-0.793,-0.061
2021-11-30 10:10:47.583,2.24,0.0,0.122,0.366,3.3,0.061,-0.793,-0.061
2021-11-30 10:10:47.588,2.24,0.0,0.122,0.366,3.31,-0.122,-0.61,-0.183
2021-11-30 10:10:47.593,2.25,0.0,0.061,0.244,3.31,-0.122,-0.61,-0.183
2021-11-30 10:10:47.598,2.25,0.0,0.061,0.244,3.32,-0.183,-0.549,-0.244
2021-11-30 10:10:47.603,2.26,0.061,-0.061,0.122,3.32,-0.183,-0.549,-0.244
2021-11-30 10:10:47.608,2.26,0.061,-0.061,0.122,3.33,-0.183,-0.427,-0.305
2021-11-30 10:10:47.613,2.27,0.122,-0.061,0.183,3.33,-0.183,-0.427,-0.305
2021-11-30 10:10:47.618,2.27,0.122,-0.061,0.183,3.34,-0.244,-0.488,-0.366
2021-11-30 10:10:47.623,2.28,0.122,0.0,0.183,3.34,-0.244,-0.488,-0.366
2021-11-30 10:10:47.628,2.28,0.122,0.0,0.183,3.35,-0.427,-0.427,-0.427
2021-11-30 10:10:47.633,2.29,0.122,0.061,0.183,3.35,-0.427,-0.427,-0.427
2021-11-30 10:10:47.638,2.29,0.122,0.061,0.183,3.36,-0.61,-0.427,-0.488
2021-11-30 10:10:47.643,2.3,0.122,0.122,0.122,3.36,-0.61,-0.427,-0.488
2021-11-30 10:10:47.648,2.3,0.122,0.122,0.122,3.37,-0.671,-0.366,-0.488
2021-11-30 10:10:47.653,2.31,0.122,0.122,0.183,3.37,-0.671,-0.366,-0.488
2021-11-30 10:10:47.658,2.31,0.122,0.122,0.183,3.38,-0.671,-0.305,-0.549
2021-11-30 10:10:47.663,2.32,0.061,0.122,0.122,3.38,-0.671,-0.305,-0.549
2021-11-30 10:10:47.668,2.32,0.061,0.122,0.122,3.39,-0.732,-0.305,-0.488
2021-11-30 10:10:47.673,2.33,0.061,0.183,0.183,3.39,-0.732,-0.305,-0.488
2021-11-30 10:10:47.678,2.33,0.061,0.183,0.183,3.4,-0.732,-0.244,-0.488
2021-11-30 10:10:47.683,2.34,0.122,0.183,0.183,3.4,-0.732,-0.244,-0.488
2021-11-30 10:10:47.688,2.34,0.122,0.183,0.183,3.41,-0.793,-0.122,-0.488
2021-11-30 10:10:47.693,2.35,0.183,0.244,0.366,3.41,-0.793,-0.122,-0.488
2021-11-30 10:10:47.698,2.35,0.183,0.244,0.366,3.42,-0.671,-0.244,-0.549
2021-11-30 10:10:47.703,2.36,0.183,0.244,0.366,3.42,-0.671,-0.244,-0.549
2021-11-30 10:10:47.708,2.36,0.183,0.244,0.366,3.43,-0.549,-0.183,-0.671
2021-11-30 10:10:47.713,2.37,0.244,0.244,0.305,3.43,-0.549,-0.183,-0.671
2021-11-30 10:10:47.718,2.37,0.244,0.244,0.305,3.44,-0.549,-0.122,-0.732
2021-11-30 10:10:47.723,2.38,0.183,0.122,0.122,3.44,-0.549,-0.122,-0.732
2021-11-30 10:10:47.728,2.38,0.183,0.122,0.122,3.45,-0.61,-0.061,-0.732
2021-11-30 10:10:47.733,2.39,0.061,0.122,0.244,3.45,-0.61,-0.061,-0.732
2021-11-30 10:10:47.738,2.39,0.061,0.122,0.244,3.46,-0.427,-0.122,-0.671
2021-11-30 10:10:47.743,2.4,0.183,0.244,0.183,3.46,-0.427,-0.122,-0.671
2021-11-30 10:10:47.748,2.4,0.183,0.244,0.183,3.47,-0.427,-0.061,-0.671
2021-11-30 10:10:47.753,2.41,0.244,0.244,0.122,3.47,-0.427,-0.061,-0.671
2021-11-30 10:10:47.758,2.41,0.244,0.244,0.122,3.48,-0.366,0.061,-0.671
2021-11-30 10:10:47.763,2.42,0.244,0.244,0.0,3.48,-0.366,0.061,-0.671
2021-11-30 10:10:47.768,2.42,0.244,0.244,0.0,3.49,-0.366,0.0,-0.671
2021-11-30 10:10:47.773,2.43,0.305,0.244,0.061,3.49,-0.366,0.0,-0.671
2021-11-30 10:10:47.778,2.43,0.305,0.244,0.061,3.5,-0.305,-0.061,-0.793
2021-11-30 10:10:47.783,2.44,0.427,0.244,-0.061,3.5,-0.305,-0.061,-0.793
2021-11-30 10:10:47.788,2.44,0.427,0.244,-0.061,3.51,-0.244,0.061,-0.793
2021-11-30 10:10:47.793,2.45,0.427,0.244,-0.061,3.51,-0.244,0.061,-0.793
2021-11-30 10:10:47.798,2.45,0.427,0.244,-0.061,3.52,-0.061,0.061,-0.732
2021-11-30 10:10:47.803,2.46,0.427,0.244,-0.183,3.52,-0.061,0.061,-0.732
2021-11-30 10:10:47.808,2.46,0.427,0.244,-0.183,3.53,-0.061,0.122,-0.793
2021-11-30 10:10:47.813,2.47,0.427,0.122,-0.427,3.53,-0.061,0.122,-0.793
2021-11-30 10:10:47.818,2.47,0.427,0.122,-0.427,3.54,-0.122,0.183,-0.854
2021-11-30 10:10:47.823,2.48,0.305,0.244,-0.427,3.54,-0.122,0.183,-0.854
2021-11-30 10:10:47.828,2.48,0.305,0.244,-0.427,3.55,-0.061,0.183,-0.793
2021-11-30 10:10:47.833,2.49,0.488,0.305,-0.427,3.55,-0.061,0.183,-0.793
2021-11-30 10:10:47.838,2.49,0.488,0.305,-0.427,3.56,0.061,0.122,-0.671
2021-11-30 10:10:47.843,2.5,0.61,0.122,-0.488,3.56,0.061,0.122,-0.671
2021-11-30 10:10:47.848,2.5,0.61,0.122,-0.488,3.57,0.122,0.183,-0.732
2021-11-30 10:10:47.853,2.51,0.61,0.244,-0.732,3.57,0.122,0.183,-0.732
2021-11-30 10:10:47.858,2.51,0.61,0.244,-0.732,3.58,0.244,0.183,-0.732
2021-11-30 10:10:47.863,2.52,0.671,0.244,-0.671,3.58,0.244,0.183,-0.732
2021-11-30 10:10:47.868,2.52,0.671,0.244,-0.671,3.59,0.427,0.244,-0.671
2021-11-30 10:10:47.873,2.53,0.732,0.244,-0.793,3.59,0.427,0.244,-0.671
2021-11-30 10:10:47.878,2.53,0.732,0.244,-0.793,3.6,0.427,0.183,-0.671
2021-11-30 10:10:47.883,2.54,0.732,0.244,-0.793,3.6,0.427,0.183,-0.671
2021-11-30 10:10:47.888,2.54,0.732,0.244,-0.793,3.61,0.427,0.183,-0.671
2021-11-30 10:10:47.893,2.55,0.732,0.244,-0.732,3.61,0.427,0.183,-0.671
2021-11-30 10:10:47.898,2.55,0.732,0.244,-0.732,3.62,0.427,0.122,-0.61
2021-11-30 10:10:47.903,2.56,0.732,0.183,-0.854,3.62,0.427,0.122,-0.61
2021-11-30 10:10:47.908,2.56,0.732,0.183,-0.854,3.63,0.427,0.122,-0.549
2021-11-30 10:10:47.913,2.57,0.671,0.305,-0.915,3.63,0.427,0.122,-0.549
2021-11-30 10:10:47.918,2.57,0.671,0.305,-0.915,3.64,0.488,0.122,-0.549
2021-11-30 10:10:47.923,2.58,0.549,0.366,-0.976,3.64,0.488,0.122,-0.549
2021-11-30 10:10:47.928,2.58,0.549,0.366,-0.976,3.65,0.488,0.122,-0.488
2021-11-30 10:10:47.933,2.59,0.61,0.366,-0.854,3.65,0.488,0.122,-0.488
2021-11-30 10:10:47.938,2.59,0.61,0.366,-0.854,3.66,0.61,0.0,-0.427
2021-11-30 10:10:47.943,2.6,0.61,0.305,-0.793,3.66,0.61,0.0,-0.427
2021-11-30 10:10:47.948,2.6,0.61,0.305,-0.793,3.67,0.488,0.0,-0.427
2021-11-30 10:10:47.953,2.61,0.61,0.366,-0.732,3.67,0.488,0.0,-0.427
2021-11-30 10:10:47.958,2.61,0.61,0.366,-0.732,3.68,0.427,0.0,-0.427
2021-11-30 10:10:47.963,2.62,0.61,0.244,-0.732,3.68,0.427,0.0,-0.427
2021-11-30 10:10:47.968,2.62,0.61,0.244,-0.732,3.69,0.549,0.0,-0.427
2021-11-30 10:10:47.973,2.63,0.488,0.122,-0.732,3.69,0.549,0.0,-0.427
2021-11-30 10:10:47.978,2.63,0.488,0.122,-0.732,3.7,0.549,0.0,-0.427
2021-11-30 10:10:47.983,2.64,0.427,0.305,-0.732,3.7,0.549,0.0,-0.427
2021-11-30 10:10:47.988,2.64,0.427,0.305,-0.732,3.71,0.732,-0.122,-0.305
2021-11-30 10:10:47.993,2.65,0.366,0.366,-0.671,3.71,0.732,-0.122,-0.305
2021-11-30 10:10:47.998,2.65,0.366,0.366,-0.671,3.72,0.732,-0.122,-0.366
2021-11-30 10:10:48.003,2.66,0.366,0.305,-0.61,3.72,0.732,-0.122,-0.366
2021-11-30 10:10:48.008,2.66,0.366,0.305,-0.61,3.73,0.732,-0.122,-0.366
2021-11-30 10:10:48.013,2.67,0.427,0.244,-0.61,3.73,0.732,-0.122,-0.366
2021-11-30 10:10:48.018,2.67,0.427,0.244,-0.61,3.74,0.854,-0.122,-0.244
2021-11-30 10:10:48.023,2.68,0.427,0.244,-0.549,3.74,0.854,-0.122,-0.244
2021-11-30 10:10:48.028,2.68,0.427,0.244,-0.549,3.75,0.732,-0.122,-0.183
2021-11-30 10:10:48.033,2.69,0.488,0.305,-0.549,3.75,0.732,-0.122,-0.183
2021-11-30 10:10:48.038,2.69,0.488,0.305,-0.549,3.76,0.732,-0.122,-0.183
2021-11-30 10:10:48.043,2.7,0.549,0.183,-0.488,3.76,0.732,-0.122,-0.183
2021-11-30 10:10:48.048,2.7,0.549,0.183,-0.488,3.77,0.854,-0.183,-0.244
2021-11-30 10:10:48.053,2.71,0.488,0.244,-0.366,3.77,0.854,-0.183,-0.244
2021-11-30 10:10:48.058,2.71,0.488,0.244,-0.366,3.78,0.793,-0.244,-0.122
2021-11-30 10:10:48.063,2.72,0.366,0.244,-0.427,3.78,0.793,-0.244,-0.122
2021-11-30 10:10:48.068,2.72,0.366,0.244,-0.427,3.79,0.793,-0.305,0.061
2021-11-30 10:10:48.073,2.73,0.305,0.305,-0.366,3.79,0.793,-0.305,0.061
2021-11-30 10:10:48.078,2.73,0.305,0.305,-0.366,3.8,0.854,-0.366,0.122
2021-11-30 10:10:48.083,2.74,0.366,0.366,-0.244,3.8,0.854,-0.366,0.122
2021-11-30 10:10:48.088,2.74,0.366,0.366,-0.244,3.81,0.915,-0.366,0.183
2021-11-30 10:10:48.093,2.75,0.366,0.305,-0.305,3.81,0.915,-0.366,0.183
2021-11-30 10:10:48.098,2.75,0.366,0.305,-0.305,3.82,0.915,-0.427,0.061
2021-11-30 10:10:48.103,2.76,0.305,0.305,-0.305,3.82,0.915,-0.427,0.061
2021-11-30 10:10:48.108,2.76,0.305,0.305,-0.305,3.83,0.793,-0.427,0.122
2021-11-30 10:10:48.113,2.77,0.305,0.305,-0.183,3.83,0.793,-0.427,0.122
2021-11-30 10:10:48.118,2.77,0.305,0.305,-0.183,3.84,0.732,-0.305,0.122
2021-11-30 10:10:48.123,2.78,0.305,0.305,-0.244,3.84,0.732,-0.305,0.122
2021-11-30 10:10:48.128,2.78,0.305,0.305,-0.244,3.85,0.732,-0.244,0.183
2021-11-30 10:10:48.133,2.79,0.305,0.305,-0.244,3.85,0.732,-0.244,0.183
2021-11-30 10:10:48.138,2.79,0.305,0.305,-0.244,3.86,0.793,-0.305,0.122
2021-11-30 10:10:48.143,2.8,0.305,0.305,-0.244,3.86,0.793,-0.305,0.122
2021-11-30 10:10:48.148,2.8,0.305,0.305,-0.244,3.87,0.793,-0.366,0.122
2021-11-30 10:10:48.153,2.81,0.305,0.305,-0.305,3.87,0.793,-0.366,0.122
2021-11-30 10:10:48.158,2.81,0.305,0.305,-0.305,3.88,0.732,-0.366,0.061
2021-11-30 10:10:48.163,2.82,0.244,0.305,-0.244,3.88,0.732,-0.366,0.061
2021-11-30 10:10:48.168,2.82,0.244,0.305,-0.244,3.89,0.793,-0.488,0.061
2021-11-30 10:10:48.173,2.83,0.183,0.305,-0.244,3.89,0.793,-0.488,0.061
2021-11-30 10:10:48.178,2.83,0.183,0.305,-0.244,3.9,0.854,-0.366,0.061
2021-11-30 10:10:48.183,2.84,0.183,0.305,-0.244,3.9,0.854,-0.366,0.061
2021-11-30 10:10:48.188,2.84,0.183,0.305,-0.244,3.91,0.793,-0.366,0.122
2021-11-30 10:10:48.193,2.85,0.122,0.366,-0.244,3.91,0.793,-0.366,0.122
2021-11-30 10:10:48.198,2.85,0.122,0.366,-0.244,3.92,0.671,-0.427,0.122
2021-11-30 10:10:48.203,2.86,0.061,0.366,-0.183,3.92,0.671,-0.427,0.122
2021-11-30 10:10:48.208,2.86,0.061,0.366,-0.183,3.93,0.732,-0.427,0.183
2021-11-30 10:10:48.213,2.87,0.061,0.305,-0.183,3.93,0.732,-0.427,0.183
2021-11-30 10:10:48.218,2.87,0.061,0.305,-0.183,3.94,0.732,-0.427,0.183
2021-11-30 10:10:48.223,2.88,0.122,0.305,-0.183,3.94,0.732,-0.427,0.183
2021-11-30 10:10:48.228,2.88,0.122,0.305,-0.183,3.95,0.793,-0.366,0.183
2021-11-30 10:10:48.233,2.89,0.305,0.183,-0.061,3.95,0.793,-0.366,0.183
2021-11-30 10:10:48.238,2.89,0.305,0.183,-0.061,3.96,0.854,-0.366,0.183
2021-11-30 10:10:48.243,2.9,0.305,0.244,0.0,3.96,0.854,-0.366,0.183
2021-11-30 10:10:48.248,2.9,0.305,0.244,0.0,3.97,0.915,-0.366,0.183
2021-11-30 10:10:48.253,2.91,0.244,0.366,-0.061,3.97,0.915,-0.366,0.183
2021-11-30 10:10:48.258,2.91,0.244,0.366,-0.061,3.98,0.915,-0.427,0.122
2021-11-30 10:10:48.263,2.92,0.244,0.366,-0.122,3.98,0.915,-0.427,0.122
2021-11-30 10:10:48.268,2.92,0.244,0.366,-0.122,3.99,0.793,-0.549,0.122
2021-11-30 10:10:48.273,2.93,0.244,0.366,-0.122,3.99,0.793,-0.549,0.122
2021-11-30 10:10:48.278,2.93,0.244,0.366,-0.122,4.0,0.793,-0.427,0.122
2021-11-30 10:10:48.283,2.94,0.305,0.366,-0.122,4.0,0.793,-0.427,0.122
2021-11-30 10:10:48.288,2.94,0.305,0.366,-0.122,4.01,0.732,-0.366,0.183
2021-11-30 10:10:48.293,2.95,0.305,0.366,-0.122,4.01,0.732,-0.366,0.183
2021-11-30 10:10:48.298,2.95,0.305,0.366,-0.122,4.02,0.732,-0.427,0.244
2021-11-30 10:10:48.303,2.96,0.244,0.305,-0.122,4.02,0.732,-0.427,0.244
2021-11-30 10:10:48.308,2.96,0.244,0.305,-0.122,4.03,0.732,-0.427,0.122
2021-11-30 10:10:48.313,2.97,0.366,0.183,-0.061,4.03,0.732,-0.427,0.122
2021-11-30 10:10:48.318,2.97,0.366,0.183,-0.061,4.04,0.854,-0.488,0.122
2021-11-30 10:10:48.323,2.98,0.366,0.305,-0.061,4.04,0.854,-0.488,0.122
2021-11-30 10:10:48.328,2.98,0.366,0.305,-0.061,4.05,0.854,-0.549,0.183
2021-11-30 10:10:48.333,2.99,0.366,0.427,-0.122,4.05,0.854,-0.549,0.183
2021-11-30 10:10:48.338,2.99,0.366,0.427,-0.122,4.06,0.854,-0.427,0.122
2021-11-30 10:10:48.343,3.0,0.305,0.366,-0.061,4.06,0.854,-0.427,0.122
2021-11-30 10:10:48.348,3.0,0.305,0.366,-0.061,4.07,0.854,-0.305,0.122
2021-11-30 10:10:48.353,3.01,0.305,0.305,-0.061,4.07,0.854,-0.305,0.122
2021-11-30 10:10:48.358,3.01,0.305,0.305,-0.061,4.08,0.732,-0.427,0.061
2021-11-30 10:10:48.363,3.02,0.366,0.366,-0.183,4.08,0.732,-0.427,0.061
2021-11-30 10:10:48.368,3.02,0.366,0.366,-0.183,4.09,0.671,-0.427,0.061
2021-11-30 10:10:48.373,3.03,0.244,0.366,-0.122,4.09,0.671,-0.427,0.061
2021-11-30 10:10:48.378,3.03,0.244,0.366,-0.122,4.1,0.671,-0.427,-0.061
2021-11-30 10:10:48.383,3.04,0.244,0.305,-0.183,4.1,0.671,-0.427,-0.061
2021-11-30 10:10:48.388,3.04,0.244,0.305,-0.183,4.11,0.732,-0.488,-0.061
2021-11-30 10:10:48.393,3.05,0.366,0.244,-0.183,4.11,0.732,-0.488,-0.061
2021-11-30 10:10:48.398,3.05,0.366,0.244,-0.183,4.12,0.671,-0.488,0.0
2021-11-30 10:10:48.403,3.06,0.305,0.244,-0.183,4.12,0.671,-0.488,0.0
2021-11-30 10:10:48.408,3.06,0.305,0.244,-0.183,4.13,0.732,-0.427,0.061
2021-11-30 10:10:48.413,3.07,0.305,0.244,-0.305,4.13,0.732,-0.427,0.061
2021-11-30 10:10:48.418,3.07,0.305,0.244,-0.305,4.14,0.793,-0.488,0.0
2021-11-30 10:10:48.423,3.08,0.305,0.305,-0.183,4.14,0.793,-0.488,0.0
2021-11-30 10:10:48.428,3.08,0.305,0.305,-0.183,4.15,0.732,-0.488,0.0
2021-11-30 10:10:48.433,3.09,0.244,0.305,-0.183,4.15,0.732,-0.488,0.0
2021-11-30 10:10:48.438,3.09,0.244,0.305,-0.183,4.16,0.671,-0.427,0.122
2021-11-30 10:10:48.443,3.1,0.305,0.366,-0.122,4.16,0.671,-0.427,0.122
2021-11-30 10:10:48.448,3.1,0.305,0.366,-0.122,4.17,0.671,-0.366,0.0
2021-11-30 10:10:48.453,3.11,0.366,0.305,-0.122,4.17,0.671,-0.366,0.0
2021-11-30 10:10:48.458,3.11,0.366,0.305,-0.122,4.18,0.488,-0.366,0.061
2021-11-30 10:10:48.463,3.12,0.305,0.305,-0.183,4.18,0.488,-0.366,0.061
2021-11-30 10:10:48.468,3.12,0.305,0.305,-0.183,4.19,0.366,-0.427,0.0
2021-11-30 10:10:48.473,3.13,0.305,0.244,-0.061,4.19,0.366,-0.427,0.0
2021-11-30 10:10:48.478,3.13,0.305,0.244,-0.061,4.2,0.305,-0.427,-0.122
2021-11-30 10:10:48.483,3.14,0.305,0.305,-0.122,4.2,0.305,-0.427,-0.122
2021-11-30 10:10:48.488,3.14,0.305,0.305,-0.122,4.21,0.061,-0.244,-0.305
2021-11-30 10:10:48.493,3.15,0.366,0.305,-0.122,4.21,0.061,-0.244,-0.305
2021-11-30 10:10:48.498,3.15,0.366,0.305,-0.122,4.22,-0.122,-0.122,-0.366
2021-11-30 10:10:48.503,3.16,0.427,0.305,-0.122,4.22,-0.122,-0.122,-0.366
2021-11-30 10:10:48.508,3.16,0.427,0.305,-0.122,4.23,-0.122,-0.061,-0.488
2021-11-30 10:10:48.513,3.17,0.488,0.244,-0.244,4.23,-0.122,-0.061,-0.488
2021-11-30 10:10:48.518,3.17,0.488,0.244,-0.244,4.24,-0.061,0.0,-0.549
2021-11-30 10:10:48.523,3.18,0.366,0.305,-0.244,4.24,-0.061,0.0,-0.549
2021-11-30 10:10:48.528,3.18,0.366,0.305,-0.244,4.25,0.061,-0.061,-0.61
2021-11-30 10:10:48.533,3.19,0.366,0.305,-0.305,4.25,0.061,-0.061,-0.61
2021-11-30 10:10:48.538,3.19,0.366,0.305,-0.305,4.26,0.061,-0.122,-0.793
2021-11-30 10:10:48.543,3.2,0.366,0.244,-0.366,4.26,0.061,-0.122,-0.793
2021-11-30 10:10:48.548,3.2,0.366,0.244,-0.366,4.27,0.244,-0.061,-0.671
2021-11-30 10:10:48.553,3.21,0.366,0.244,-0.427,4.27,0.244,-0.061,-0.671
2021-11-30 10:10:48.558,3.21,0.366,0.244,-0.427,4.28,0.183,0.0,-0.732
2021-11-30 10:10:48.563,3.22,0.488,0.244,-0.488,4.28,0.183,0.0,-0.732
2021-11-30 10:10:48.568,3.22,0.488,0.244,-0.488,4.29,0.244,0.0,-0.671
2021-11-30 10:10:48.573,3.23,0.549,0.244,-0.549,4.29,0.244,0.0,-0.671
2021-11-30 10:10:48.578,3.23,0.549,0.244,-0.549,4.3,0.183,-0.061,-0.61
2021-11-30 10:10:48.583,3.24,0.61,0.244,-0.549,4.3,0.183,-0.061,-0.61
2021-11-30 10:10:48.588,3.24,0.61,0.244,-0.549,4.31,0.122,-0.061,-0.61
2021-11-30 10:10:48.593,3.25,0.61,0.183,-0.488,4.31,0.122,-0.061,-0.61
2021-11-30 10:10:48.598,3.25,0.61,0.183,-0.488,4.32,0.122,-0.061,-0.549
2021-11-30 10:10:48.603,3.26,0.549,0.061,-0.488,4.32,0.122,-0.061,-0.549
2021-11-30 10:10:48.608,3.26,0.549,0.061,-0.488,4.33,0.305,-0.061,-0.61
2021-11-30 10:10:48.613,3.27,0.671,0.122,-0.366,4.33,0.305,-0.061,-0.61
2021-11-30 10:10:48.618,3.27,0.671,0.122,-0.366,4.34,0.244,-0.183,-0.549
2021-11-30 10:10:48.623,3.28,0.671,0.061,-0.427,4.34,0.244,-0.183,-0.549
2021-11-30 10:10:48.628,3.28,0.671,0.061,-0.427,4.35,0.366,-0.244,-0.488
2021-11-30 10:10:48.633,3.29,0.61,0.122,-0.488,4.35,0.366,-0.244,-0.488
2021-11-30 10:10:48.638,3.29,0.61,0.122,-0.488,4.36,0.305,-0.183,-0.366
2021-11-30 10:10:48.643,3.3,0.61,0.122,-0.427,4.36,0.305,-0.183,-0.366
2021-11-30 10:10:48.648,3.3,0.61,0.122,-0.427,4.37,0.305,-0.244,-0.366
2021-11-30 10:10:48.653,3.31,0.671,0.061,-0.366,4.37,0.305,-0.244,-0.366
2021-11-30 10:10:48.658,3.31,0.671,0.061,-0.366,4.38,0.305,-0.244,-0.427
2021-11-30 10:10:48.663,3.32,0.61,0.122,-0.366,4.38,0.305,-0.244,-0.427
2021-11-30 10:10:48.668,3.32,0.61,0.122,-0.366,4.39,0.427,-0.244,-0.366
2021-11-30 10:10:48.673,3.33,0.549,0.183,-0.427,4.39,0.427,-0.244,-0.366
2021-11-30 10:10:48.678,3.33,0.549,0.183,-0.427,4.4,0.366,-0.244,-0.366
2021-11-30 10:10:48.683,3.34,0.427,0.061,-0.427,4.4,0.366,-0.244,-0.366
2021-11-30 10:10:48.688,3.34,0.427,0.061,-0.427,4.41,0.427,-0.244,-0.366
2021-11-30 10:10:48.693,3.35,0.366,0.122,-0.427,4.41,0.427,-0.244,-0.366
2021-11-30 10:10:48.698,3.35,0.366,0.122,-0.427,4.42,0.366,-0.183,-0.488
2021-11-30 10:10:48.703,3.36,0.366,0.183,-0.488,4.42,0.366,-0.183,-0.488
2021-11-30 10:10:48.708,3.36,0.366,0.183,-0.488,4.43,0.366,-0.183,-0.427
2021-11-30 10:10:48.713,3.37,0.488,0.122,-0.549,4.43,0.366,-0.183,-0.427
2021-11-30 10:10:48.718,3.37,0.488,0.122,-0.549,4.44,0.305,-0.183,-0.488
2021-11-30 10:10:48.723,3.38,0.488,0.183,-0.61,4.44,0.305,-0.183,-0.488
2021-11-30 10:10:48.728,3.38,0.488,0.183,-0.61,4.45,0.244,-0.122,-0.488
2021-11-30 10:10:48.733,3.39,0.488,0.122,-0.732,4.45,0.244,-0.122,-0.488
2021-11-30 10:10:48.738,3.39,0.488,0.122,-0.732,4.46,0.366,-0.183,-0.488
2021-11-30 10:10:48.743,3.4,0.488,0.061,-0.671,4.46,0.366,-0.183,-0.488
2021-11-30 10:10:48.748,3.4,0.488,0.061,-0.671,4.47,0.427,-0.183,-0.549
2021-11-30 10:10:48.753,3.41,0.549,0.122,-0.61,4.47,0.427,-0.183,-0.549
2021-11-30 10:10:48.758,3.41,0.549,0.122,-0.61,4.48,0.427,-0.244,-0.61
2021-11-30 10:10:48.763,3.42,0.61,0.061,-0.671,4.48,0.427,-0.244,-0.61
2021-11-30 10:10:48.768,3.42,0.61,0.061,-0.671,4.49,0.366,-0.183,-0.61
2021-11-30 10:10:48.773,3.43,0.732,-0.061,-0.671,4.49,0.366,-0.183,-0.61
2021-11-30 10:10:48.778,3.43,0.732,-0.061,-0.671,4.5,0.427,-0.244,-0.549
2021-11-30 10:10:48.783,3.44,0.732,-0.061,-0.671,4.5,0.427,-0.244,-0.549
2021-11-30 10:10:48.788,3.44,0.732,-0.061,-0.671,4.51,0.366,-0.305,-0.549
2021-11-30 10:10:48.793,3.45,0.732,-0.061,-0.732,4.51,0.366,-0.305,-0.549
2021-11-30 10:10:48.798,3.45,0.732,-0.061,-0.732,4.52,0.488,-0.244,-0.488
2021-11-30 10:10:48.803,3.46,0.671,-0.061,-0.549,4.52,0.488,-0.244,-0.488
2021-11-30 10:10:48.808,3.46,0.671,-0.061,-0.549,4.53,0.427,-0.244,-0.488
2021-11-30 10:10:48.813,3.47,0.549,0.0,-0.488,4.53,0.427,-0.244,-0.488
2021-11-30 10:10:48.818,3.47,0.549,0.0,-0.488,4.54,0.427,-0.244,-0.366
2021-11-30 10:10:48.823,3.48,0.427,-0.061,-0.61,4.54,0.427,-0.244,-0.366
2021-11-30 10:10:48.828,3.48,0.427,-0.061,-0.61,4.55,0.488,-0.366,-0.488
2021-11-30 10:10:48.833,3.49,0.244,0.061,-0.549,4.55,0.488,-0.366,-0.488
2021-11-30 10:10:48.838,3.49,0.244,0.061,-0.549,4.56,0.488,-0.305,-0.427
2021-11-30 10:10:48.843,3.5,0.366,0.0,-0.427,4.56,0.488,-0.305,-0.427
2021-11-30 10:10:48.848,3.5,0.366,0.0,-0.427,4.57,0.549,-0.488,-0.305
2021-11-30 10:10:48.853,3.51,0.244,0.0,-0.366,4.57,0.549,-0.488,-0.305
2021-11-30 10:10:48.858,3.51,0.244,0.0,-0.366,4.58,0.427,-0.427,-0.305
2021-11-30 10:10:48.863,3.52,0.244,0.061,-0.427,4.58,0.427,-0.427,-0.305
2021-11-30 10:10:48.868,3.52,0.244,0.061,-0.427,4.59,0.488,-0.488,-0.244
2021-11-30 10:10:48.873,3.53,0.244,0.061,-0.366,4.59,0.488,-0.488,-0.244
2021-11-30 10:10:48.878,3.53,0.244,0.061,-0.366,4.6,0.488,-0.61,-0.183
2021-11-30 10:10:48.883,3.54,0.305,-0.061,-0.366,4.6,0.488,-0.61,-0.183
2021-11-30 10:10:48.888,3.54,0.305,-0.061,-0.366,4.61,0.366,-0.61,-0.122
2021-11-30 10:10:48.893,3.55,0.366,0.0,-0.427,4.61,0.366,-0.61,-0.122
2021-11-30 10:10:48.898,3.55,0.366,0.0,-0.427,4.62,0.366,-0.61,-0.122
2021-11-30 10:10:48.903,3.56,0.488,0.0,-0.305,4.62,0.366,-0.61,-0.122
2021-11-30 10:10:48.908,3.56,0.488,0.0,-0.305,4.63,0.488,-0.671,-0.122
2021-11-30 10:10:48.913,3.57,0.366,0.0,-0.305,4.63,0.488,-0.671,-0.122
2021-11-30 10:10:48.918,3.57,0.366,0.0,-0.305,4.64,0.366,-0.61,-0.244
2021-11-30 10:10:48.923,3.58,0.366,-0.061,-0.244,4.64,0.366,-0.61,-0.244
2021-11-30 10:10:48.928,3.58,0.366,-0.061,-0.244,4.65,0.366,-0.549,-0.244
2021-11-30 10:10:48.933,3.59,0.305,0.0,-0.122,4.65,0.366,-0.549,-0.244
2021-11-30 10:10:48.938,3.59,0.305,0.0,-0.122,4.66,0.427,-0.549,-0.244
2021-11-30 10:10:48.943,3.6,0.183,0.0,-0.183,4.66,0.427,-0.549,-0.244
2021-11-30 10:10:48.948,3.6,0.183,0.0,-0.183,4.67,0.183,-0.488,-0.305
2021-11-30 10:10:48.953,3.61,0.244,-0.061,-0.244,4.67,0.183,-0.488,-0.305
2021-11-30 10:10:48.958,3.61,0.244,-0.061,-0.244,4.68,0.061,-0.488,-0.305
2021-11-30 10:10:48.963,3.62,0.244,-0.061,-0.366,4.68,0.061,-0.488,-0.305
2021-11-30 10:10:48.968,3.62,0.244,-0.061,-0.366,4.69,0.0,-0.427,-0.366
2021-11-30 10:10:48.973,3.63,0.183,0.0,-0.183,4.69,0.0,-0.427,-0.366
2021-11-30 10:10:48.978,3.63,0.183,0.0,-0.183,4.7,0.0,-0.427,-0.305
2021-11-30 10:10:48.983,3.64,0.183,-0.061,-0.183,4.7,0.0,-0.427,-0.305
2021-11-30 10:10:48.988,3.64,0.183,-0.061,-0.183,4.71,0.061,-0.366,-0.305
2021-11-30 10:10:48.993,3.65,0.366,-0.061,-0.244,4.71,0.061,-0.366,-0.305
2021-11-30 10:10:48.998,3.65,0.366,-0.061,-0.244,4.72,0.122,-0.366,-0.427
2021-11-30 10:10:49.003,3.66,0.488,-0.061,-0.244,4.72,0.122,-0.366,-0.427
2021-11-30 10:10:49.008,3.66,0.488,-0.061,-0.244,4.73,0.122,-0.427,-0.366
2021-11-30 10:10:49.013,3.67,0.366,0.0,-0.366,4.73,0.122,-0.427,-0.366
2021-11-30 10:10:49.018,3.67,0.366,0.0,-0.366,4.74,0.061,-0.427,-0.366
2021-11-30 10:10:49.023,3.68,0.366,-0.061,-0.305,4.74,0.061,-0.427,-0.366
2021-11-30 10:10:49.028,3.68,0.366,-0.061,-0.305,4.75,0.0,-0.366,-0.488
2021-11-30 10:10:49.033,3.69,0.427,-0.061,-0.244,4.75,0.0,-0.366,-0.488
2021-11-30 10:10:49.038,3.69,0.427,-0.061,-0.244,4.76,-0.244,-0.305,-0.61
2021-11-30 10:10:49.043,3.7,0.488,-0.061,-0.244,4.76,-0.244,-0.305,-0.61
2021-11-30 10:10:49.048,3.7,0.488,-0.061,-0.244,4.77,-0.305,-0.244,-0.549
2021-11-30 10:10:49.053,3.71,0.427,-0.122,-0.183,4.77,-0.305,-0.244,-0.549
2021-11-30 10:10:49.058,3.71,0.427,-0.122,-0.183,4.78,-0.305,-0.244,-0.61
2021-11-30 10:10:49.063,3.72,0.488,-0.183,-0.122,4.78,-0.305,-0.244,-0.61
2021-11-30 10:10:49.068,3.72,0.488,-0.183,-0.122,4.79,-0.244,-0.183,-0.549
2021-11-30 10:10:49.073,3.73,0.488,0.061,-0.061,4.79,-0.244,-0.183,-0.549
2021-11-30 10:10:49.078,3.73,0.488,0.061,-0.061,4.8,-0.244,-0.244,-0.549
2021-11-30 10:10:49.083,3.74,0.427,0.061,0.0,4.8,-0.244,-0.244,-0.549
2021-11-30 10:10:49.088,3.74,0.427,0.061,0.0,4.81,-0.122,-0.305,-0.61
2021-11-30 10:10:49.093,3.75,0.488,-0.061,-0.122,4.81,-0.122,-0.305,-0.61
2021-11-30 10:10:49.098,3.75,0.488,-0.061,-0.122,4.82,0.0,-0.244,-0.732
2021-11-30 10:10:49.103,3.76,0.183,0.0,-0.122,4.82,0.0,-0.244,-0.732
2021-11-30 10:10:49.108,3.76,0.183,0.0,-0.122,4.83,-0.061,-0.244,-0.61
2021-11-30 10:10:49.113,3.77,0.122,0.0,-0.305,4.83,-0.061,-0.244,-0.61
2021-11-30 10:10:49.118,3.77,0.122,0.0,-0.305,4.84,0.0,-0.366,-0.61
2021-11-30 10:10:49.123,3.78,0.305,0.0,-0.305,4.84,0.0,-0.366,-0.61
2021-11-30 10:10:49.128,3.78,0.305,0.0,-0.305,4.85,0.122,-0.305,-0.549
2021-11-30 10:10:49.133,3.79,0.488,0.061,-0.305,4.85,0.122,-0.305,-0.549
2021-11-30 10:10:49.138,3.79,0.488,0.061,-0.305,4.86,0.122,-0.244,-0.427
2021-11-30 10:10:49.143,3.8,0.366,0.122,-0.244,4.86,0.122,-0.244,-0.427
2021-11-30 10:10:49.148,3.8,0.366,0.122,-0.244,4.87,0.122,-0.366,-0.488
2021-11-30 10:10:49.153,3.81,0.488,0.122,-0.366,4.87,0.122,-0.366,-0.488
2021-11-30 10:10:49.158,3.81,0.488,0.122,-0.366,4.88,0.244,-0.366,-0.427
2021-11-30 10:10:49.163,3.82,0.427,0.061,-0.488,4.88,0.244,-0.366,-0.427
2021-11-30 10:10:49.168,3.82,0.427,0.061,-0.488,4.89,0.427,-0.305,-0.427
2021-11-30 10:10:49.173,3.83,0.366,0.0,-0.427,4.89,0.427,-0.305,-0.427
2021-11-30 10:10:49.178,3.83,0.366,0.0,-0.427,4.9,0.427,-0.244,-0.366
2021-11-30 10:10:49.183,3.84,0.366,0.061,-0.549,4.9,0.427,-0.244,-0.366
2021-11-30 10:10:49.188,3.84,0.366,0.061,-0.549,4.91,0.488,-0.244,-0.366
2021-11-30 10:10:49.193,3.85,0.427,0.061,-0.488,4.91,0.488,-0.244,-0.366
2021-11-30 10:10:49.198,3.85,0.427,0.061,-0.488,4.92,0.549,-0.366,-0.305
2021-11-30 10:10:49.203,3.86,0.427,0.0,-0.427,4.92,0.549,-0.366,-0.305
2021-11-30 10:10:49.208,3.86,0.427,0.0,-0.427,4.93,0.488,-0.366,-0.305
2021-11-30 10:10:49.213,3.87,0.488,0.061,-0.488,4.93,0.488,-0.366,-0.305
2021-11-30 10:10:49.218,3.87,0.488,0.061,-0.488,4.94,0.488,-0.305,-0.305
2021-11-30 10:10:49.223,3.88,0.427,-0.061,-0.549,4.94,0.488,-0.305,-0.305
2021-11-30 10:10:49.228,3.88,0.427,-0.061,-0.549,4.95,0.549,-0.366,-0.244
2021-11-30 10:10:49.233,3.89,0.366,0.061,-0.427,4.95,0.549,-0.366,-0.244
2021-11-30 10:10:49.238,3.89,0.366,0.061,-0.427,4.96,0.61,-0.427,-0.183
2021-11-30 10:10:49.243,3.9,0.305,0.183,-0.305,4.96,0.61,-0.427,-0.183
2021-11-30 10:10:49.248,3.9,0.305,0.183,-0.305,4.97,0.671,-0.549,-0.183
2021-11-30 10:10:49.253,3.91,0.488,0.122,-0.305,4.97,0.671,-0.549,-0.183
2021-11-30 10:10:49.258,3.91,0.488,0.122,-0.305,4.98,0.549,-0.549,-0.183
2021-11-30 10:10:49.263,3.92,0.427,0.061,-0.366,4.98,0.549,-0.549,-0.183
2021-11-30 10:10:49.268,3.92,0.427,0.061,-0.366,4.99,0.61,-0.488,-0.122
2021-11-30 10:10:49.273,3.93,0.244,0.122,-0.305,4.99,0.61,-0.488,-0.122
2021-11-30 10:10:49.278,3.93,0.244,0.122,-0.305,5.0,0.61,-0.61,0.0
2021-11-30 10:10:49.283,3.94,0.244,0.122,-0.244,5.0,0.61,-0.61,0.0
2021-11-30 10:10:49.288,3.94,0.244,0.122,-0.244,5.01,0.671,-0.61,-0.061
2021-11-30 10:10:49.293,3.95,0.305,0.061,-0.366,5.01,0.671,-0.61,-0.061
2021-11-30 10:10:49.298,3.95,0.305,0.061,-0.366,5.02,0.732,-0.549,-0.122
2021-11-30 10:10:49.303,3.96,0.305,0.122,-0.305,5.02,0.732,-0.549,-0.122
2021-11-30 10:10:49.308,3.96,0.305,0.122,-0.305,5.03,0.671,-0.61,-0.122
2021-11-30 10:10:49.313,3.97,0.305,0.122,-0.244,5.03,0.671,-0.61,-0.122
2021-11-30 10:10:49.318,3.97,0.305,0.122,-0.244,5.04,0.793,-0.427,-0.183
2021-11-30 10:10:49.323,3.98,0.305,0.183,-0.244,5.04,0.793,-0.427,-0.183
2021-11-30 10:10:49.328,3.98,0.305,0.183,-0.244,5.05,0.793,-0.427,-0.244
2021-11-30 10:10:49.333,3.99,0.427,0.183,-0.305,5.05,0.793,-0.427,-0.244
2021-11-30 10:10:49.338,3.99,0.427,0.183,-0.305,5.06,0.61,-0.549,-0.244
2021-11-30 10:10:49.343,4.0,0.427,0.122,-0.366,5.06,0.61,-0.549,-0.244
2021-11-30 10:10:49.348,4.0,0.427,0.122,-0.366,5.07,0.549,-0.549,-0.183
2021-11-30 10:10:49.353,4.01,0.427,0.122,-0.366,5.07,0.549,-0.549,-0.183
2021-11-30 10:10:49.358,4.01,0.427,0.122,-0.366,5.08,0.671,-0.61,-0.183
2021-11-30 10:10:49.363,4.02,0.366,0.122,-0.366,5.08,0.671,-0.61,-0.183
2021-11-30 10:10:49.368,4.02,0.366,0.122,-0.366,5.09,0.671,-0.549,-0.122
2021-11-30 10:10:49.373,4.03,0.366,0.244,-0.427,5.09,0.671,-0.549,-0.122
2021-11-30 10:10:49.378,4.03,0.366,0.244,-0.427,5.1,0.732,-0.488,-0.122
2021-11-30 10:10:49.383,4.04,0.427,0.183,-0.427,5.1,0.732,-0.488,-0.122
2021-11-30 10:10:49.388,4.04,0.427,0.183,-0.427,5.11,0.732,-0.549,-0.061
2021-11-30 10:10:49.393,4.05,0.427,0.122,-0.366,5.11,0.732,-0.549,-0.061
2021-11-30 10:10:49.398,4.05,0.427,0.122,-0.366,5.12,0.671,-0.61,-0.061
2021-11-30 10:10:49.403,4.06,0.427,0.061,-0.305,5.12,0.671,-0.61,-0.061
2021-11-30 10:10:49.408,4.06,0.427,0.061,-0.305,5.13,0.61,-0.61,0.0
2021-11-30 10:10:49.413,4.07,0.366,0.122,-0.427,5.13,0.61,-0.61,0.0
2021-11-30 10:10:49.418,4.07,0.366,0.122,-0.427,5.14,0.549,-0.61,-0.061
2021-11-30 10:10:49.423,4.08,0.244,0.122,-0.366,5.14,0.549,-0.61,-0.061
2021-11-30 10:10:49.428,4.08,0.244,0.122,-0.366,5.15,0.61,-0.732,0.0
2021-11-30 10:10:49.433,4.09,0.183,0.061,-0.183,5.15,0.61,-0.732,0.0
2021-11-30 10:10:49.438,4.09,0.183,0.061,-0.183,5.16,0.61,-0.793,0.061
2021-11-30 10:10:49.443,4.1,0.305,0.0,-0.122,5.16,0.61,-0.793,0.061
2021-11-30 10:10:49.448,4.1,0.305,0.0,-0.122,5.17,0.549,-0.854,0.061
2021-11-30 10:10:49.453,4.11,0.305,0.061,-0.061,5.17,0.549,-0.854,0.061
2021-11-30 10:10:49.458,4.11,0.305,0.061,-0.061,5.18,0.549,-0.854,0.0
2021-11-30 10:10:49.463,4.12,0.305,0.061,-0.061,5.18,0.549,-0.854,0.0
2021-11-30 10:10:49.468,4.12,0.305,0.061,-0.061,5.19,0.549,-0.793,-0.061
2021-11-30 10:10:49.473,4.13,0.183,0.183,0.0,5.19,0.549,-0.793,-0.061
2021-11-30 10:10:49.478,4.13,0.183,0.183,0.0,5.2,0.488,-0.732,-0.183
2021-11-30 10:10:49.483,4.14,0.183,0.061,-0.122,5.2,0.488,-0.732,-0.183
2021-11-30 10:10:49.488,4.14,0.183,0.061,-0.122,5.21,0.488,-0.671,-0.122
2021-11-30 10:10:49.493,4.15,0.183,0.0,-0.122,5.21,0.488,-0.671,-0.122
2021-11-30 10:10:49.498,4.15,0.183,0.0,-0.122,5.22,0.488,-0.61,-0.183
2021-11-30 10:10:49.503,4.16,0.183,0.0,-0.183,5.22,0.488,-0.61,-0.183
2021-11-30 10:10:49.508,4.16,0.183,0.0,-0.183,5.23,0.549,-0.671,-0.244
2021-11-30 10:10:49.513,4.17,0.305,0.0,-0.183,5.23,0.549,-0.671,-0.244
2021-11-30 10:10:49.518,4.17,0.305,0.0,-0.183,5.24,0.488,-0.549,-0.305
2021-11-30 10:10:49.523,4.18,0.305,0.0,-0.183,5.24,0.488,-0.549,-0.305
2021-11-30 10:10:49.528,4.18,0.305,0.0,-0.183,5.25,0.488,-0.61,-0.305
2021-11-30 10:10:49.533,4.19,0.244,0.0,-0.183,5.25,0.488,-0.61,-0.305
2021-11-30 10:10:49.538,4.19,0.244,0.0,-0.183,5.26,0.61,-0.671,-0.305
2021-11-30 10:10:49.543,4.2,0.305,0.0,-0.183,5.26,0.61,-0.671,-0.305
2021-11-30 10:10:49.548,4.2,0.305,0.0,-0.183,5.27,0.549,-0.61,-0.366
2021-11-30 10:10:49.553,4.21,0.244,-0.061,-0.244,5.27,0.549,-0.61,-0.366
2021-11-30 10:10:49.558,4.21,0.244,-0.061,-0.244,5.28,0.427,-0.61,-0.488
2021-11-30 10:10:49.563,4.22,0.366,-0.061,-0.305,5.28,0.427,-0.61,-0.488
2021-11-30 10:10:49.568,4.22,0.366,-0.061,-0.305,5.29,0.488,-0.549,-0.366
2021-11-30 10:10:49.573,4.23,0.488,-0.061,-0.305,5.29,0.488,-0.549,-0.366
2021-11-30 10:10:49.578,4.23,0.488,-0.061,-0.305,5.3,0.488,-0.61,-0.427
2021-11-30 10:10:49.583,4.24,0.427,-0.061,-0.305,5.3,0.488,-0.61,-0.427
2021-11-30 10:10:49.588,4.24,0.427,-0.061,-0.305,5.31,0.488,-0.61,-0.305
2021-11-30 10:10:49.593,4.25,0.488,-0.122,-0.244,5.31,0.488,-0.61,-0.305
2021-11-30 10:10:49.598,4.25,0.488,-0.122,-0.244,5.32,0.488,-0.61,-0.244
2021-11-30 10:10:49.603,4.26,0.427,-0.122,-0.244,5.32,0.488,-0.61,-0.244
2021-11-30 10:10:49.608,4.26,0.427,-0.122,-0.244,5.33,0.427,-0.61,-0.061
2021-11-30 10:10:49.613,4.27,0.427,-0.061,-0.244,5.33,0.427,-0.61,-0.061
2021-11-30 10:10:49.618,4.27,0.427,-0.061,-0.244,5.34,0.549,-0.732,-0.183
2021-11-30 10:10:49.623,4.28,0.366,-0.122,-0.244,5.34,0.549,-0.732,-0.183
2021-11-30 10:10:49.628,4.28,0.366,-0.122,-0.244,5.35,0.488,-0.61,-0.183
2021-11-30 10:10:49.633,4.29,0.366,0.0,-0.183,5.35,0.488,-0.61,-0.183
2021-11-30 10:10:49.638,4.29,0.366,0.0,-0.183,5.36,0.549,-0.671,-0.183
2021-11-30 10:10:49.643,4.3,0.366,-0.061,-0.244,5.36,0.549,-0.671,-0.183
2021-11-30 10:10:49.648,4.3,0.366,-0.061,-0.244,5.37,0.549,-0.671,-0.183
2021-11-30 10:10:49.653,4.31,0.366,-0.061,-0.244,5.37,0.549,-0.671,-0.183
2021-11-30 10:10:49.658,4.31,0.366,-0.061,-0.244,5.38,0.488,-0.732,-0.183
2021-11-30 10:10:49.663,4.32,0.244,0.061,-0.244,5.38,0.488,-0.732,-0.183
2021-11-30 10:10:49.668,4.32,0.244,0.061,-0.244,5.39,0.488,-0.671,-0.122
2021-11-30 10:10:49.673,4.33,0.366,0.061,-0.305,5.39,0.488,-0.671,-0.122
2021-11-30 10:10:49.678,4.33,0.366,0.061,-0.305,5.4,0.488,-0.61,-0.183
2021-11-30 10:10:49.683,4.34,0.305,0.0,-0.244,5.4,0.488,-0.61,-0.183
2021-11-30 10:10:49.688,4.34,0.305,0.0,-0.244,5.41,0.488,-0.549,-0.122
2021-11-30 10:10:49.693,4.35,0.183,0.0,-0.183,5.41,0.488,-0.549,-0.122
2021-11-30 10:10:49.698,4.35,0.183,0.0,-0.183,5.42,0.549,-0.61,-0.183
2021-11-30 10:10:49.703,4.36,0.305,-0.061,-0.244,5.42,0.549,-0.61,-0.183
2021-11-30 10:10:49.708,4.36,0.305,-0.061,-0.244,5.43,0.549,-0.549,-0.244
2021-11-30 10:10:49.713,4.37,0.305,0.0,-0.183,5.43,0.549,-0.549,-0.244
2021-11-30 10:10:49.718,4.37,0.305,0.0,-0.183,5.44,0.732,-0.488,-0.305
2021-11-30 10:10:49.723,4.38,0.183,0.122,-0.244,5.44,0.732,-0.488,-0.305
2021-11-30 10:10:49.728,4.38,0.183,0.122,-0.244,5.45,0.671,-0.488,-0.244
2021-11-30 10:10:49.733,4.39,0.183,0.061,-0.244,5.45,0.671,-0.488,-0.244
2021-11-30 10:10:49.738,4.39,0.183,0.061,-0.244,5.46,0.61,-0.549,-0.183
2021-11-30 10:10:49.743,4.4,0.183,0.0,-0.366,5.46,0.61,-0.549,-0.183
2021-11-30 10:10:49.748,4.4,0.183,0.0,-0.366,5.47,0.488,-0.549,-0.305
2021-11-30 10:10:49.753,4.41,0.305,0.122,-0.427,5.47,0.488,-0.549,-0.305
2021-11-30 10:10:49.758,4.41,0.305,0.122,-0.427,5.48,0.549,-0.488,-0.305
2021-11-30 10:10:49.763,4.42,0.366,0.061,-0.305,5.48,0.549,-0.488,-0.305
2021-11-30 10:10:49.768,4.42,0.366,0.061,-0.305,5.49,0.549,-0.488,-0.244
2021-11-30 10:10:49.773,4.43,0.366,0.0,-0.305,5.49,0.549,-0.488,-0.244
2021-11-30 10:10:49.778,4.43,0.366,0.0,-0.305,5.5,0.488,-0.549,-0.305
2021-11-30 10:10:49.783,4.44,0.366,0.0,-0.183,5.5,0.488,-0.549,-0.305
2021-11-30 10:10:49.788,4.44,0.366,0.0,-0.183,5.51,0.488,-0.488,-0.244
2021-11-30 10:10:49.793,4.45,0.366,0.0,-0.122,5.51,0.488,-0.488,-0.244
2021-11-30 10:10:49.798,4.45,0.366,0.0,-0.122,5.52,0.305,-0.488,-0.122
2021-11-30 10:10:49.803,4.46,0.366,0.0,-0.122,5.52,0.305,-0.488,-0.122
2021-11-30 10:10:49.808,4.46,0.366,0.0,-0.122,5.53,0.244,-0.488,-0.244
2021-11-30 10:10:49.813,4.47,0.244,0.122,-0.244,5.53,0.244,-0.488,-0.244
2021-11-30 10:10:49.818,4.47,0.244,0.122,-0.244,5.54,0.183,-0.427,-0.244
2021-11-30 10:10:49.823,4.48,0.183,0.122,-0.244,5.54,0.183,-0.427,-0.244
2021-11-30 10:10:49.828,4.48,0.183,0.122,-0.244,5.55,0.183,-0.427,-0.305
2021-11-30 10:10:49.833,4.49,0.183,0.122,-0.183,5.55,0.183,-0.427,-0.305
2021-11-30 10:10:49.838,4.49,0.183,0.122,-0.183,5.56,0.183,-0.366,-0.305
2021-11-30 10:10:49.843,4.5,0.244,0.122,-0.305,5.56,0.183,-0.366,-0.305
2021-11-30 10:10:49.848,4.5,0.244,0.122,-0.305,5.57,0.183,-0.366,-0.305
2021-11-30 10:10:49.853,4.51,0.305,0.122,-0.244,5.57,0.183,-0.366,-0.305
2021-11-30 10:10:49.858,4.51,0.305,0.122,-0.244,5.58,0.122,-0.183,-0.427
2021-11-30 10:10:49.863,4.52,0.366,0.183,-0.183,5.58,0.122,-0.183,-0.427
2021-11-30 10:10:49.868,4.52,0.366,0.183,-0.183,5.59,0.183,-0.183,-0.366
2021-11-30 10:10:49.873,4.53,0.427,0.122,-0.183,5.59,0.183,-0.183,-0.366
2021-11-30 10:10:49.878,4.53,0.427,0.122,-0.183,5.6,0.244,-0.244,-0.427
2021-11-30 10:10:49.883,4.54,0.366,0.122,-0.305,5.6,0.244,-0.244,-0.427
2021-11-30 10:10:49.888,4.54,0.366,0.122,-0.305,5.61,0.244,-0.183,-0.305
2021-11-30 10:10:49.893,4.55,0.305,0.244,-0.183,5.61,0.244,-0.183,-0.305
2021-11-30 10:10:49.898,4.55,0.305,0.244,-0.183,5.62,0.305,-0.183,-0.366
2021-11-30 10:10:49.903,4.56,0.366,0.183,-0.183,5.62,0.305,-0.183,-0.366
2021-11-30 10:10:49.908,4.56,0.366,0.183,-0.183,5.63,0.305,-0.183,-0.427
2021-11-30 10:10:49.913,4.57,0.427,0.183,-0.366,5.63,0.305,-0.183,-0.427
2021-11-30 10:10:49.918,4.57,0.427,0.183,-0.366,5.64,0.305,-0.183,-0.366
2021-11-30 10:10:49.923,4.58,0.366,0.244,-0.244,5.64,0.305,-0.183,-0.366
2021-11-30 10:10:49.928,4.58,0.366,0.244,-0.244,5.65,0.427,-0.183,-0.366
2021-11-30 10:10:49.933,4.59,0.488,0.122,-0.244,5.65,0.427,-0.183,-0.366
2021-11-30 10:10:49.938,4.59,0.488,0.122,-0.244,5.66,0.366,-0.122,-0.427
2021-11-30 10:10:49.943,4.6,0.488,0.183,-0.366,5.66,0.366,-0.122,-0.427
2021-11-30 10:10:49.948,4.6,0.488,0.183,-0.366,5.67,0.366,-0.183,-0.488
2021-11-30 10:10:49.953,4.61,0.61,0.244,-0.305,5.67,0.366,-0.183,-0.488
2021-11-30 10:10:49.958,4.61,0.61,0.244,-0.305,5.68,0.366,-0.122,-0.366
2021-11-30 10:10:49.963,4.62,0.488,0.366,-0.305,5.68,0.366,-0.122,-0.366
2021-11-30 10:10:49.968,4.62,0.488,0.366,-0.305,5.69,0.366,-0.122,-0.305
2021-11-30 10:10:49.973,4.63,0.488,0.305,-0.305,5.69,0.366,-0.122,-0.305
2021-11-30 10:10:49.978,4.63,0.488,0.305,-0.305,5.7,0.305,-0.122,-0.305
2021-11-30 10:10:49.983,4.64,0.549,0.183,-0.366,5.7,0.305,-0.122,-0.305
2021-11-30 10:10:49.988,4.64,0.549,0.183,-0.366,5.71,0.305,0.0,-0.366
2021-11-30 10:10:49.993,4.65,0.488,0.305,-0.366,5.71,0.305,0.0,-0.366
2021-11-30 10:10:49.998,4.65,0.488,0.305,-0.366,5.72,0.183,-0.122,-0.366
2021-11-30 10:10:50.003,4.66,0.427,0.366,-0.305,5.72,0.183,-0.122,-0.366
2021-11-30 10:10:50.008,4.66,0.427,0.366,-0.305,5.73,0.122,-0.122,-0.305
2021-11-30 10:10:50.013,4.67,0.366,0.366,-0.244,5.73,0.122,-0.122,-0.305
2021-11-30 10:10:50.018,4.67,0.366,0.366,-0.244,5.74,0.061,-0.122,-0.366
2021-11-30 10:10:50.023,4.68,0.427,0.366,-0.244,5.74,0.061,-0.122,-0.366
2021-11-30 10:10:50.028,4.68,0.427,0.366,-0.244,5.75,0.061,-0.122,-0.366
2021-11-30 10:10:50.033,4.69,0.427,0.366,-0.305,5.75,0.061,-0.122,-0.366
2021-11-30 10:10:50.038,4.69,0.427,0.366,-0.305,5.76,0.061,-0.122,-0.305
2021-11-30 10:10:50.043,4.7,0.427,0.488,-0.305,5.76,0.061,-0.122,-0.305
2021-11-30 10:10:50.048,4.7,0.427,0.488,-0.305,5.77,0.0,0.0,-0.366
2021-11-30 10:10:50.053,4.71,0.488,0.488,-0.183,5.77,0.0,0.0,-0.366
2021-11-30 10:10:50.058,4.71,0.488,0.488,-0.183,5.78,0.183,0.061,-0.366
2021-11-30 10:10:50.063,4.72,0.488,0.549,-0.305,5.78,0.183,0.061,-0.366
2021-11-30 10:10:50.068,4.72,0.488,0.549,-0.305,5.79,0.183,0.061,-0.427
2021-11-30 10:10:50.073,4.73,0.488,0.427,-0.244,5.79,0.183,0.061,-0.427
2021-11-30 10:10:50.078,4.73,0.488,0.427,-0.244,5.8,0.183,0.122,-0.427
2021-11-30 10:10:50.083,4.74,0.366,0.427,-0.244,5.8,0.183,0.122,-0.427
2021-11-30 10:10:50.088,4.74,0.366,0.427,-0.244,5.81,0.183,0.183,-0.427
2021-11-30 10:10:50.093,4.75,0.305,0.488,-0.183,5.81,0.183,0.183,-0.427
2021-11-30 10:10:50.098,4.75,0.305,0.488,-0.183,5.82,0.305,0.0,-0.427
2021-11-30 10:10:50.103,4.76,0.366,0.549,-0.183,5.82,0.305,0.0,-0.427
2021-11-30 10:10:50.108,4.76,0.366,0.549,-0.183,5.83,0.305,0.061,-0.366
2021-11-30 10:10:50.113,4.77,0.427,0.61,-0.183,5.83,0.305,0.061,-0.366
2021-11-30 10:10:50.118,4.77,0.427,0.61,-0.183,5.84,0.183,0.183,-0.244
2021-11-30 10:10:50.123,4.78,0.549,0.61,-0.305,5.84,0.183,0.183,-0.244
2021-11-30 10:10:50.128,4.78,0.549,0.61,-0.305,5.85,0.061,0.122,-0.244
2021-11-30 10:10:50.133,4.79,0.549,0.549,-0.305,5.85,0.061,0.122,-0.244
2021-11-30 10:10:50.138,4.79,0.549,0.549,-0.305,5.86,0.122,0.0,-0.244
2021-11-30 10:10:50.143,4.8,0.549,0.488,-0.244,5.86,0.122,0.0,-0.244
2021-11-30 10:10:50.148,4.8,0.549,0.488,-0.244,5.87,0.061,0.0,-0.183
2021-11-30 10:10:50.153,4.81,0.549,0.61,-0.244,5.87,0.061,0.0,-0.183
2021-11-30 10:10:50.158,4.81,0.549,0.61,-0.244,5.88,0.0,0.061,-0.183
2021-11-30 10:10:50.163,4.82,0.61,0.671,-0.305,5.88,0.0,0.061,-0.183
2021-11-30 10:10:50.168,4.82,0.61,0.671,-0.305,5.89,0.183,0.122,-0.183
2021-11-30 10:10:50.173,4.83,0.61,0.61,-0.244,5.89,0.183,0.122,-0.183
2021-11-30 10:10:50.178,4.83,0.61,0.61,-0.244,5.9,0.305,0.122,-0.183
2021-11-30 10:10:50.183,4.84,0.549,0.61,-0.305,5.9,0.305,0.122,-0.183
2021-11-30 10:10:50.188,4.84,0.549,0.61,-0.305,5.91,0.244,0.122,-0.183
2021-11-30 10:10:50.193,4.85,0.427,0.488,-0.366,5.91,0.244,0.122,-0.183
2021-11-30 10:10:50.198,4.85,0.427,0.488,-0.366,5.92,0.244,0.122,-0.183
2021-11-30 10:10:50.203,4.86,0.305,0.549,-0.305,5.92,0.244,0.122,-0.183
2021-11-30 10:10:50.208,4.86,0.305,0.549,-0.305,5.93,0.305,0.183,-0.061
2021-11-30 10:10:50.213,4.87,0.427,0.61,-0.244,5.93,0.305,0.183,-0.061
2021-11-30 10:10:50.218,4.87,0.427,0.61,-0.244,5.94,0.427,0.061,0.0
2021-11-30 10:10:50.223,4.88,0.488,0.671,-0.244,5.94,0.427,0.061,0.0
2021-11-30 10:10:50.228,4.88,0.488,0.671,-0.244,5.95,0.305,0.0,0.0
2021-11-30 10:10:50.233,4.89,0.427,0.671,-0.244,5.95,0.305,0.0,0.0
2021-11-30 10:10:50.238,4.89,0.427,0.671,-0.244,5.96,0.366,0.0,-0.061
2021-11-30 10:10:50.243,4.9,0.427,0.61,-0.183,5.96,0.366,0.0,-0.061
2021-11-30 10:10:50.248,4.9,0.427,0.61,-0.183,5.97,0.488,0.0,0.0
2021-11-30 10:10:50.253,4.91,0.488,0.61,-0.244,5.97,0.488,0.0,0.0
2021-11-30 10:10:50.258,4.91,0.488,0.61,-0.244,5.98,0.488,0.122,0.061
2021-11-30 10:10:50.263,4.92,0.366,0.671,-0.244,5.98,0.488,0.122,0.061
2021-11-30 10:10:50.268,4.92,0.366,0.671,-0.244,5.99,0.366,0.0,0.122
2021-11-30 10:10:50.273,4.93,0.427,0.671,-0.183,5.99,0.366,0.0,0.122
2021-11-30 10:10:50.278,4.93,0.427,0.671,-0.183,6.0,0.366,0.0,0.061
2021-11-30 10:10:50.283,4.94,0.488,0.732,-0.183,6.0,0.366,0.0,0.061
2021-11-30 10:10:50.288,4.94,0.488,0.732,-0.183,6.01,0.427,0.0,0.183
2021-11-30 10:10:50.293,4.95,0.488,0.671,-0.122,6.01,0.427,0.0,0.183
2021-11-30 10:10:50.298,4.95,0.488,0.671,-0.122,6.02,0.549,-0.122,0.122
2021-11-30 10:10:50.303,4.96,0.366,0.732,-0.122,6.02,0.549,-0.122,0.122
2021-11-30 10:10:50.308,4.96,0.366,0.732,-0.122,6.03,0.549,-0.122,0.122
2021-11-30 10:10:50.313,4.97,0.305,0.732,-0.122,6.03,0.549,-0.122,0.122
2021-11-30 10:10:50.318,4.97,0.305,0.732,-0.122,6.04,0.61,-0.183,0.244
2021-11-30 10:10:50.323,4.98,0.122,0.671,-0.183,6.04,0.61,-0.183,0.244
2021-11-30 10:10:50.328,4.98,0.122,0.671,-0.183,6.05,0.732,-0.122,0.305
2021-11-30 10:10:50.333,4.99,0.061,0.61,-0.183,6.05,0.732,-0.122,0.305
2021-11-30 10:10:50.338,4.99,0.061,0.61,-0.183,6.06,0.671,-0.183,0.366
2021-11-30 10:10:50.343,5.0,0.488,0.61,-0.122,6.06,0.671,-0.183,0.366
2021-11-30 10:10:50.348,5.0,0.488,0.61,-0.122,6.07,0.671,-0.183,0.305
2021-11-30 10:10:50.353,5.01,0.549,0.671,-0.122,6.07,0.671,-0.183,0.305
2021-11-30 10:10:50.358,5.01,0.549,0.671,-0.122,6.08,0.671,-0.183,0.305
2021-11-30 10:10:50.363,5.02,0.305,0.671,-0.061,6.08,0.671,-0.183,0.305
2021-11-30 10:10:50.368,5.02,0.305,0.671,-0.061,6.09,0.61,-0.244,0.427
2021-11-30 10:10:50.373,5.03,0.244,0.61,0.0,6.09,0.61,-0.244,0.427
2021-11-30 10:10:50.378,5.03,0.244,0.61,0.0,6.1,0.61,-0.244,0.305
2021-11-30 10:10:50.383,5.04,0.305,0.671,0.0,6.1,0.61,-0.244,0.305
2021-11-30 10:10:50.388,5.04,0.305,0.671,0.0,6.11,0.671,-0.244,0.305
2021-11-30 10:10:50.393,5.05,0.122,0.61,-0.061,6.11,0.671,-0.244,0.305
2021-11-30 10:10:50.398,5.05,0.122,0.61,-0.061,6.12,0.732,-0.366,0.366
2021-11-30 10:10:50.403,5.06,0.122,0.61,0.061,6.12,0.732,-0.366,0.366
2021-11-30 10:10:50.408,5.06,0.122,0.61,0.061,6.13,0.732,-0.305,0.427
2021-11-30 10:10:50.413,5.07,0.244,0.671,0.122,6.13,0.732,-0.305,0.427
2021-11-30 10:10:50.418,5.07,0.244,0.671,0.122,6.14,0.671,-0.244,0.366
2021-11-30 10:10:50.423,5.08,0.366,0.671,0.061,6.14,0.671,-0.244,0.366
2021-11-30 10:10:50.428,5.08,0.366,0.671,0.061,6.15,0.793,-0.305,0.305
2021-11-30 10:10:50.433,5.09,0.183,0.671,0.183,6.15,0.793,-0.305,0.305
2021-11-30 10:10:50.438,5.09,0.183,0.671,0.183,6.16,0.793,-0.305,0.366
2021-11-30 10:10:50.443,5.1,0.122,0.61,0.122,6.16,0.793,-0.305,0.366
2021-11-30 10:10:50.448,5.1,0.122,0.61,0.122,6.17,0.793,-0.305,0.366
2021-11-30 10:10:50.453,5.11,0.061,0.61,0.061,6.17,0.793,-0.305,0.366
2021-11-30 10:10:50.458,5.11,0.061,0.61,0.061,6.18,0.793,-0.366,0.366
2021-11-30 10:10:50.463,5.12,0.0,0.671,-0.061,6.18,0.793,-0.366,0.366
2021-11-30 10:10:50.468,5.12,0.0,0.671,-0.061,6.19,0.793,-0.488,0.366
2021-11-30 10:10:50.473,5.13,0.061,0.61,-0.122,6.19,0.793,-0.488,0.366
2021-11-30 10:10:50.478,5.13,0.061,0.61,-0.122,6.2,0.915,-0.427,0.305
2021-11-30 10:10:50.483,5.14,0.061,0.61,-0.122,6.2,0.915,-0.427,0.305
2021-11-30 10:10:50.488,5.14,0.061,0.61,-0.122,6.21,0.854,-0.427,0.305
2021-11-30 10:10:50.493,5.15,0.244,0.549,-0.183,6.21,0.854,-0.427,0.305
2021-11-30 10:10:50.498,5.15,0.244,0.549,-0.183,6.22,0.854,-0.488,0.305
2021-11-30 10:10:50.503,5.16,0.366,0.488,-0.183,6.22,0.854,-0.488,0.305
2021-11-30 10:10:50.508,5.16,0.366,0.488,-0.183,6.23,0.793,-0.427,0.305
2021-11-30 10:10:50.513,5.17,0.244,0.61,-0.122,6.23,0.793,-0.427,0.305
2021-11-30 10:10:50.518,5.17,0.244,0.61,-0.122,6.24,0.732,-0.366,0.305
2021-11-30 10:10:50.523,5.18,0.244,0.549,-0.183,6.24,0.732,-0.366,0.305
2021-11-30 10:10:50.528,5.18,0.244,0.549,-0.183,6.25,0.671,-0.488,0.427
2021-11-30 10:10:50.533,5.19,0.244,0.549,-0.183,6.25,0.671,-0.488,0.427
2021-11-30 10:10:50.538,5.19,0.244,0.549,-0.183,6.26,0.793,-0.549,0.305
2021-11-30 10:10:50.543,5.2,0.244,0.488,-0.061,6.26,0.793,-0.549,0.305
2021-11-30 10:10:50.548,5.2,0.244,0.488,-0.061,6.27,0.854,-0.488,0.305
2021-11-30 10:10:50.553,5.21,0.244,0.488,-0.061,6.27,0.854,-0.488,0.305
2021-11-30 10:10:50.558,5.21,0.244,0.488,-0.061,6.28,0.854,-0.427,0.244
2021-11-30 10:10:50.563,5.22,0.183,0.488,-0.122,6.28,0.854,-0.427,0.244
2021-11-30 10:10:50.568,5.22,0.183,0.488,-0.122,6.29,0.793,-0.427,0.305
2021-11-30 10:10:50.573,5.23,0.244,0.427,-0.183,6.29,0.793,-0.427,0.305
2021-11-30 10:10:50.578,5.23,0.244,0.427,-0.183,6.3,0.793,-0.427,0.427
2021-11-30 10:10:50.583,5.24,0.244,0.488,-0.061,6.3,0.793,-0.427,0.427
2021-11-30 10:10:50.588,5.24,0.244,0.488,-0.061,6.31,0.732,-0.366,0.244
2021-11-30 10:10:50.593,5.25,0.305,0.366,0.0,6.31,0.732,-0.366,0.244
2021-11-30 10:10:50.598,5.25,0.305,0.366,0.0,6.32,0.793,-0.427,0.244
2021-11-30 10:10:50.603,5.26,0.305,0.366,0.0,6.32,0.793,-0.427,0.244
2021-11-30 10:10:50.608,5.26,0.305,0.366,0.0,6.33,0.793,-0.549,0.244
2021-11-30 10:10:50.613,5.27,0.183,0.427,-0.061,6.33,0.793,-0.549,0.244
2021-11-30 10:10:50.618,5.27,0.183,0.427,-0.061,6.34,0.854,-0.488,0.305
2021-11-30 10:10:50.623,5.28,0.183,0.366,-0.122,6.34,0.854,-0.488,0.305
2021-11-30 10:10:50.628,5.28,0.183,0.366,-0.122,6.35,0.915,-0.427,0.305
2021-11-30 10:10:50.633,5.29,0.183,0.305,-0.122,6.35,0.915,-0.427,0.305
2021-11-30 10:10:50.638,5.29,0.183,0.305,-0.122,6.36,0.915,-0.427,0.183
2021-11-30 10:10:50.643,5.3,0.183,0.366,-0.061,6.36,0.915,-0.427,0.183
2021-11-30 10:10:50.648,5.3,0.183,0.366,-0.061,6.37,0.854,-0.488,0.244
2021-11-30 10:10:50.653,5.31,0.183,0.366,0.0,6.37,0.854,-0.488,0.244
2021-11-30 10:10:50.658,5.31,0.183,0.366,0.0,6.38,0.915,-0.427,0.244
2021-11-30 10:10:50.663,5.32,0.305,0.366,-0.061,6.38,0.915,-0.427,0.244
2021-11-30 10:10:50.668,5.32,0.305,0.366,-0.061,6.39,0.793,-0.488,0.183
2021-11-30 10:10:50.673,5.33,0.366,0.366,-0.183,6.39,0.793,-0.488,0.183
2021-11-30 10:10:50.678,5.33,0.366,0.366,-0.183,6.4,0.732,-0.488,0.122
2021-11-30 10:10:50.683,5.34,0.305,0.427,-0.244,6.4,0.732,-0.488,0.122
2021-11-30 10:10:50.688,5.34,0.305,0.427,-0.244,6.41,0.793,-0.427,0.122
2021-11-30 10:10:50.693,5.35,0.305,0.549,-0.244,6.41,0.793,-0.427,0.122
2021-11-30 10:10:50.698,5.35,0.305,0.549,-0.244,6.42,0.915,-0.488,0.122
2021-11-30 10:10:50.703,5.36,0.244,0.488,-0.244,6.42,0.915,-0.488,0.122
2021-11-30 10:10:50.708,5.36,0.244,0.488,-0.244,6.43,0.976,-0.427,0.122
2021-11-30 10:10:50.713,5.37,0.183,0.427,-0.305,6.43,0.976,-0.427,0.122
2021-11-30 10:10:50.718,5.37,0.183,0.427,-0.305,6.44,0.976,-0.427,0.0
2021-11-30 10:10:50.723,5.38,0.244,0.427,-0.305,6.44,0.976,-0.427,0.0
2021-11-30 10:10:50.728,5.38,0.244,0.427,-0.305,6.45,0.854,-0.488,0.122
2021-11-30 10:10:50.733,5.39,0.183,0.427,-0.305,6.45,0.854,-0.488,0.122
2021-11-30 10:10:50.738,5.39,0.183,0.427,-0.305,6.46,0.793,-0.488,0.0
2021-11-30 10:10:50.743,5.4,0.244,0.305,-0.244,6.46,0.793,-0.488,0.0
2021-11-30 10:10:50.748,5.4,0.244,0.305,-0.244,6.47,0.793,-0.366,0.0
2021-11-30 10:10:50.753,5.41,0.366,0.305,-0.183,6.47,0.793,-0.366,0.0
2021-11-30 10:10:50.758,5.41,0.366,0.305,-0.183,6.48,0.793,-0.427,0.0
2021-11-30 10:10:50.763,5.42,0.366,0.305,-0.183,6.48,0.793,-0.427,0.0
2021-11-30 10:10:50.768,5.42,0.366,0.305,-0.183,6.49,0.854,-0.427,0.061
2021-11-30 10:10:50.773,5.43,0.305,0.183,-0.183,6.49,0.854,-0.427,0.061
2021-11-30 10:10:50.778,5.43,0.305,0.183,-0.183,6.5,0.732,-0.488,0.122
2021-11-30 10:10:50.783,5.44,0.305,0.244,-0.183,6.5,0.732,-0.488,0.122
2021-11-30 10:10:50.788,5.44,0.305,0.244,-0.183,6.51,0.732,-0.488,0.122
2021-11-30 10:10:50.793,5.45,0.366,0.244,-0.183,6.51,0.732,-0.488,0.122
2021-11-30 10:10:50.798,5.45,0.366,0.244,-0.183,6.52,0.793,-0.488,0.0
2021-11-30 10:10:50.803,5.46,0.305,0.183,-0.122,6.52,0.793,-0.488,0.0
2021-11-30 10:10:50.808,5.46,0.305,0.183,-0.122,6.53,0.793,-0.549,0.0
2021-11-30 10:10:50.813,5.47,0.244,0.183,-0.183,6.53,0.793,-0.549,0.0
2021-11-30 10:10:50.818,5.47,0.244,0.183,-0.183,6.54,0.732,-0.61,-0.061
2021-11-30 10:10:50.823,5.48,0.244,0.183,-0.061,6.54,0.732,-0.61,-0.061
2021-11-30 10:10:50.828,5.48,0.244,0.183,-0.061,6.55,0.732,-0.61,0.061
2021-11-30 10:10:50.833,5.49,0.305,0.244,-0.061,6.55,0.732,-0.61,0.061
2021-11-30 10:10:50.838,5.49,0.305,0.244,-0.061,6.56,0.732,-0.549,-0.061
2021-11-30 10:10:50.843,5.5,0.305,0.183,-0.122,6.56,0.732,-0.549,-0.061
2021-11-30 10:10:50.848,5.5,0.305,0.183,-0.122,6.57,0.61,-0.488,0.0
2021-11-30 10:10:50.853,5.51,0.244,0.305,-0.122,6.57,0.61,-0.488,0.0
2021-11-30 10:10:50.858,5.51,0.244,0.305,-0.122,6.58,0.671,-0.488,-0.061
2021-11-30 10:10:50.863,5.52,0.183,0.305,-0.183,6.58,0.671,-0.488,-0.061
2021-11-30 10:10:50.868,5.52,0.183,0.305,-0.183,6.59,0.793,-0.549,-0.183
2021-11-30 10:10:50.873,5.53,0.183,0.305,-0.183,6.59,0.793,-0.549,-0.183
2021-11-30 10:10:50.878,5.53,0.183,0.305,-0.183,6.6,0.732,-0.549,-0.183
2021-11-30 10:10:50.883,5.54,0.183,0.244,-0.122,6.6,0.732,-0.549,-0.183
2021-11-30 10:10:50.888,5.54,0.183,0.244,-0.122,6.61,0.671,-0.549,-0.061
2021-11-30 10:10:50.893,5.55,0.244,0.244,-0.183,6.61,0.671,-0.549,-0.061
2021-11-30 10:10:50.898,5.55,0.244,0.244,-0.183,6.62,0.671,-0.549,-0.061
2021-11-30 10:10:50.903,5.56,0.305,0.244,-0.244,6.62,0.671,-0.549,-0.061
2021-11-30 10:10:50.908,5.56,0.305,0.244,-0.244,6.63,0.732,-0.549,0.0
2021-11-30 10:10:50.913,5.57,0.305,0.061,-0.122,6.63,0.732,-0.549,0.0
2021-11-30 10:10:50.918,5.57,0.305,0.061,-0.122,6.64,0.793,-0.549,0.0
2021-11-30 10:10:50.923,5.58,0.183,0.122,-0.061,6.64,0.793,-0.549,0.0
2021-11-30 10:10:50.928,5.58,0.183,0.122,-0.061,6.65,0.793,-0.61,0.061
2021-11-30 10:10:50.933,5.59,0.244,0.183,-0.122,6.65,0.793,-0.61,0.061
2021-11-30 10:10:50.938,5.59,0.244,0.183,-0.122,6.66,0.793,-0.549,0.122
2021-11-30 10:10:50.943,5.6,0.244,0.122,-0.061,6.66,0.793,-0.549,0.122
2021-11-30 10:10:50.948,5.6,0.244,0.122,-0.061,6.67,0.793,-0.61,0.061
2021-11-30 10:10:50.953,5.61,0.305,0.183,0.0,6.67,0.793,-0.61,0.061
2021-11-30 10:10:50.958,5.61,0.305,0.183,0.0,6.68,0.732,-0.61,0.0
2021-11-30 10:10:50.963,5.62,0.244,0.183,0.061,6.68,0.732,-0.61,0.0
2021-11-30 10:10:50.968,5.62,0.244,0.183,0.061,6.69,0.671,-0.61,0.061
2021-11-30 10:10:50.973,5.63,0.122,0.183,-0.122,6.69,0.671,-0.61,0.061
2021-11-30 10:10:50.978,5.63,0.122,0.183,-0.122,6.7,0.671,-0.549,0.061
2021-11-30 10:10:50.983,5.64,0.122,0.183,-0.122,6.7,0.671,-0.549,0.061
2021-11-30 10:10:50.988,5.64,0.122,0.183,-0.122,6.71,0.671,-0.61,0.061
2021-11-30 10:10:50.993,5.65,0.183,0.183,0.0,6.71,0.671,-0.61,0.061
2021-11-30 10:10:50.998,5.65,0.183,0.183,0.0,6.72,0.732,-0.61,0.061
2021-11-30 10:10:51.003,5.66,0.122,0.183,-0.122,6.72,0.732,-0.61,0.061
2021-11-30 10:10:51.008,5.66,0.122,0.183,-0.122,6.73,0.732,-0.671,0.061
2021-11-30 10:10:51.013,5.67,0.183,0.061,-0.061,6.73,0.732,-0.671,0.061
2021-11-30 10:10:51.018,5.67,0.183,0.061,-0.061,6.74,0.732,-0.732,-0.061
2021-11-30 10:10:51.023,5.68,0.122,0.061,0.061,6.74,0.732,-0.732,-0.061
2021-11-30 10:10:51.028,5.68,0.122,0.061,0.061,6.75,0.732,-0.671,-0.061
2021-11-30 10:10:51.033,5.69,0.183,0.122,0.0,6.75,0.732,-0.671,-0.061
2021-11-30 10:10:51.038,5.69,0.183,0.122,0.0,6.76,0.732,-0.671,0.122
2021-11-30 10:10:51.043,5.7,0.122,0.122,-0.061,6.76,0.732,-0.671,0.122
2021-11-30 10:10:51.048,5.7,0.122,0.122,-0.061,6.77,0.732,-0.793,0.183
2021-11-30 10:10:51.053,5.71,0.122,0.061,0.0,6.77,0.732,-0.793,0.183
2021-11-30 10:10:51.058,5.71,0.122,0.061,0.0,6.78,0.671,-0.793,0.244
2021-11-30 10:10:51.063,5.72,0.061,0.0,0.0,6.78,0.671,-0.793,0.244
2021-11-30 10:10:51.068,5.72,0.061,0.0,0.0,6.79,0.61,-0.793,0.183
2021-11-30 10:10:51.073,5.73,0.183,-0.061,0.0,6.79,0.61,-0.793,0.183
2021-11-30 10:10:51.078,5.73,0.183,-0.061,0.0,6.8,0.549,-0.793,0.122
2021-11-30 10:10:51.083,5.74,0.183,0.0,0.0,6.8,0.549,-0.793,0.122
2021-11-30 10:10:51.088,5.74,0.183,0.0,0.0,6.81,0.549,-0.793,0.122
2021-11-30 10:10:51.093,5.75,0.244,0.061,0.061,6.81,0.549,-0.793,0.122
2021-11-30 10:10:51.098,5.75,0.244,0.061,0.061,6.82,0.671,-0.793,0.122
2021-11-30 10:10:51.103,5.76,0.183,0.061,0.061,6.82,0.671,-0.793,0.122
2021-11-30 10:10:51.108,5.76,0.183,0.061,0.061,6.83,0.61,-0.732,0.122
2021-11-30 10:10:51.113,5.77,0.305,0.061,-0.061,6.83,0.61,-0.732,0.122
2021-11-30 10:10:51.118,5.77,0.305,0.061,-0.061,6.84,0.549,-0.671,0.061
2021-11-30 10:10:51.123,5.78,0.305,0.122,-0.061,6.84,0.549,-0.671,0.061
2021-11-30 10:10:51.128,5.78,0.305,0.122,-0.061,6.85,0.549,-0.549,-0.061
2021-11-30 10:10:51.133,5.79,0.244,0.0,-0.122,6.85,0.549,-0.549,-0.061
2021-11-30 10:10:51.138,5.79,0.244,0.0,-0.122,6.86,0.427,-0.488,-0.122
2021-11-30 10:10:51.143,5.8,0.244,0.061,-0.122,6.86,0.427,-0.488,-0.122
2021-11-30 10:10:51.148,5.8,0.244,0.061,-0.122,6.87,0.427,-0.549,0.0
2021-11-30 10:10:51.153,5.81,0.183,0.122,-0.183,6.87,0.427,-0.549,0.0
2021-11-30 10:10:51.158,5.81,0.183,0.122,-0.183,6.88,0.427,-0.61,0.0
2021-11-30 10:10:51.163,5.82,0.183,0.122,-0.244,6.88,0.427,-0.61,0.0
2021-11-30 10:10:51.168,5.82,0.183,0.122,-0.244,6.89,0.549,-0.61,-0.122
2021-11-30 10:10:51.173,5.83,0.244,0.0,-0.183,6.89,0.549,-0.61,-0.122
2021-11-30 10:10:51.178,5.83,0.244,0.0,-0.183,6.9,0.549,-0.61,-0.183
2021-11-30 10:10:51.183,5.84,0.244,-0.061,-0.183,6.9,0.549,-0.61,-0.183
2021-11-30 10:10:51.188,5.84,0.244,-0.061,-0.183,6.91,0.61,-0.671,-0.244
2021-11-30 10:10:51.193,5.85,0.305,-0.061,-0.305,6.91,0.61,-0.671,-0.244
2021-11-30 10:10:51.198,5.85,0.305,-0.061,-0.305,6.92,0.671,-0.732,-0.183
2021-11-30 10:10:51.203,5.86,0.244,0.0,-0.305,6.92,0.671,-0.732,-0.183
2021-11-30 10:10:51.208,5.86,0.244,0.0,-0.305,6.93,0.366,-0.671,-0.183
2021-11-30 10:10:51.213,5.87,0.122,0.0,-0.183,6.93,0.366,-0.671,-0.183
2021-11-30 10:10:51.218,5.87,0.122,0.0,-0.183,6.94,0.244,-0.61,-0.122
2021-11-30 10:10:51.223,5.88,0.183,0.0,-0.122,6.94,0.244,-0.61,-0.122
2021-11-30 10:10:51.228,5.88,0.183,0.0,-0.122,6.95,0.366,-0.61,-0.061
2021-11-30 10:10:51.233,5.89,0.305,0.0,-0.183,6.95,0.366,-0.61,-0.061
2021-11-30 10:10:51.238,5.89,0.305,0.0,-0.183,6.96,0.305,-0.61,-0.183
2021-11-30 10:10:51.243,5.9,0.244,-0.061,-0.122,6.96,0.305,-0.61,-0.183
2021-11-30 10:10:51.248,5.9,0.244,-0.061,-0.122,6.97,0.122,-0.671,-0.183
2021-11-30 10:10:51.253,5.91,0.244,0.0,-0.183,6.97,0.122,-0.671,-0.183
2021-11-30 10:10:51.258,5.91,0.244,0.0,-0.183,6.98,-0.061,-0.549,-0.244
2021-11-30 10:10:51.263,5.92,0.366,0.0,-0.183,6.98,-0.061,-0.549,-0.244
2021-11-30 10:10:51.268,5.92,0.366,0.0,-0.183,6.99,0.0,-0.61,-0.366
2021-11-30 10:10:51.273,5.93,0.366,0.0,-0.183,6.99,0.0,-0.61,-0.366
2021-11-30 10:10:51.278,5.93,0.366,0.0,-0.183,7.0,-0.061,-0.488,-0.305
2021-11-30 10:10:51.283,5.94,0.305,0.0,-0.122,7.0,-0.061,-0.488,-0.305
2021-11-30 10:10:51.288,5.94,0.305,0.0,-0.122,7.01,-0.122,-0.488,-0.366
2021-11-30 10:10:51.293,5.95,0.366,-0.061,-0.061,7.01,-0.122,-0.488,-0.366
2021-11-30 10:10:51.298,5.95,0.366,-0.061,-0.061,7.02,0.0,-0.549,-0.305
2021-11-30 10:10:51.303,5.96,0.305,-0.061,-0.122,7.02,0.0,-0.549,-0.305
2021-11-30 10:10:51.308,5.96,0.305,-0.061,-0.122,7.03,0.061,-0.671,-0.427
2021-11-30 10:10:51.313,5.97,0.305,0.0,-0.305,7.03,0.061,-0.671,-0.427
2021-11-30 10:10:51.318,5.97,0.305,0.0,-0.305,7.04,0.183,-0.549,-0.366
2021-11-30 10:10:51.323,5.98,0.183,0.0,-0.122,7.04,0.183,-0.549,-0.366
2021-11-30 10:10:51.328,5.98,0.183,0.0,-0.122,7.05,0.305,-0.549,-0.305
2021-11-30 10:10:51.333,5.99,0.244,-0.061,-0.122,7.05,0.305,-0.549,-0.305
2021-11-30 10:10:51.338,5.99,0.244,-0.061,-0.122,7.06,0.427,-0.61,-0.427
2021-11-30 10:10:51.343,6.0,0.305,0.061,-0.244,7.06,0.427,-0.61,-0.427
2021-11-30 10:10:51.348,6.0,0.305,0.061,-0.244,7.07,0.366,-0.61,-0.366
2021-11-30 10:10:51.353,6.01,0.366,0.061,-0.366,7.07,0.366,-0.61,-0.366
2021-11-30 10:10:51.358,6.01,0.366,0.061,-0.366,7.08,0.244,-0.488,-0.427
2021-11-30 10:10:51.363,6.02,0.427,0.0,-0.366,7.08,0.244,-0.488,-0.427
2021-11-30 10:10:51.368,6.02,0.427,0.0,-0.366,7.09,0.244,-0.488,-0.427
2021-11-30 10:10:51.373,6.03,0.488,0.061,-0.366,7.09,0.244,-0.488,-0.427
2021-11-30 10:10:51.378,6.03,0.488,0.061,-0.366,7.1,0.183,-0.488,-0.427
2021-11-30 10:10:51.383,6.04,0.427,0.0,-0.427,7.1,0.183,-0.488,-0.427
2021-11-30 10:10:51.388,6.04,0.427,0.0,-0.427,7.11,0.305,-0.488,-0.366
2021-11-30 10:10:51.393,6.05,0.366,0.0,-0.488,7.11,0.305,-0.488,-0.366
2021-11-30 10:10:51.398,6.05,0.366,0.0,-0.488,7.12,0.366,-0.488,-0.427
2021-11-30 10:10:51.403,6.06,0.305,-0.061,-0.488,7.12,0.366,-0.488,-0.427
2021-11-30 10:10:51.408,6.06,0.305,-0.061,-0.488,7.13,0.488,-0.366,-0.366
2021-11-30 10:10:51.413,6.07,0.305,-0.061,-0.549,7.13,0.488,-0.366,-0.366
2021-11-30 10:10:51.418,6.07,0.305,-0.061,-0.549,7.14,0.549,-0.366,-0.427
2021-11-30 10:10:51.423,6.08,0.488,0.0,-0.549,7.14,0.549,-0.366,-0.427
2021-11-30 10:10:51.428,6.08,0.488,0.0,-0.549,7.15,0.488,-0.366,-0.427
2021-11-30 10:10:51.433,6.09,0.549,-0.061,-0.488,7.15,0.488,-0.366,-0.427
2021-11-30 10:10:51.438,6.09,0.549,-0.061,-0.488,7.16,0.488,-0.427,-0.305
2021-11-30 10:10:51.443,6.1,0.549,0.0,-0.366,7.16,0.488,-0.427,-0.305
2021-11-30 10:10:51.448,6.1,0.549,0.0,-0.366,7.17,0.427,-0.488,-0.305
2021-11-30 10:10:51.453,6.11,0.488,0.061,-0.366,7.17,0.427,-0.488,-0.305
2021-11-30 10:10:51.458,6.11,0.488,0.061,-0.366,7.18,0.488,-0.427,-0.366
2021-11-30 10:10:51.463,6.12,0.427,0.061,-0.366,7.18,0.488,-0.427,-0.366
2021-11-30 10:10:51.468,6.12,0.427,0.061,-0.366,7.19,0.549,-0.488,-0.488
2021-11-30 10:10:51.473,6.13,0.366,0.0,-0.427,7.19,0.549,-0.488,-0.488
2021-11-30 10:10:51.478,6.13,0.366,0.0,-0.427,7.2,0.61,-0.488,-0.366
2021-11-30 10:10:51.483,6.14,0.366,0.061,-0.366,7.2,0.61,-0.488,-0.366
2021-11-30 10:10:51.488,6.14,0.366,0.061,-0.366,7.21,0.671,-0.427,-0.366
2021-11-30 10:10:51.493,6.15,0.366,0.061,-0.366,7.21,0.671,-0.427,-0.366
2021-11-30 10:10:51.498,6.15,0.366,0.061,-0.366,7.22,0.61,-0.427,-0.427
2021-11-30 10:10:51.503,6.16,0.366,0.122,-0.305,7.22,0.61,-0.427,-0.427
2021-11-30 10:10:51.508,6.16,0.366,0.122,-0.305,7.23,0.549,-0.366,-0.305
2021-11-30 10:10:51.513,6.17,0.305,0.183,-0.305,7.23,0.549,-0.366,-0.305
2021-11-30 10:10:51.518,6.17,0.305,0.183,-0.305,7.24,0.488,-0.366,-0.427
2021-11-30 10:10:51.523,6.18,0.305,0.061,-0.305,7.24,0.488,-0.366,-0.427
2021-11-30 10:10:51.528,6.18,0.305,0.061,-0.305,7.25,0.427,-0.427,-0.427
2021-11-30 10:10:51.533,6.19,0.183,0.183,-0.305,7.25,0.427,-0.427,-0.427
2021-11-30 10:10:51.538,6.19,0.183,0.183,-0.305,7.26,0.549,-0.366,-0.427
2021-11-30 10:10:51.543,6.2,0.244,0.244,-0.366,7.26,0.549,-0.366,-0.427
2021-11-30 10:10:51.548,6.2,0.244,0.244,-0.366,7.27,0.549,-0.366,-0.488
2021-11-30 10:10:51.553,6.21,0.305,0.183,-0.488,7.27,0.549,-0.366,-0.488
2021-11-30 10:10:51.558,6.21,0.305,0.183,-0.488,7.28,0.61,-0.488,-0.366
2021-11-30 10:10:51.563,6.22,0.305,0.122,-0.488,7.28,0.61,-0.488,-0.366
2021-11-30 10:10:51.568,6.22,0.305,0.122,-0.488,7.29,0.549,-0.366,-0.427
2021-11-30 10:10:51.573,6.23,0.061,0.183,-0.488,7.29,0.549,-0.366,-0.427
2021-11-30 10:10:51.578,6.23,0.061,0.183,-0.488,7.3,0.427,-0.366,-0.366
2021-11-30 10:10:51.583,6.24,0.305,0.0,-0.61,7.3,0.427,-0.366,-0.366
2021-11-30 10:10:51.588,6.24,0.305,0.0,-0.61,7.31,0.488,-0.366,-0.244
2021-11-30 10:10:51.593,6.25,0.427,0.122,-0.549,7.31,0.488,-0.366,-0.244
2021-11-30 10:10:51.598,6.25,0.427,0.122,-0.549,7.32,0.488,-0.427,-0.244
2021-11-30 10:10:51.603,6.26,0.488,0.122,-0.549,7.32,0.488,-0.427,-0.244
2021-11-30 10:10:51.608,6.26,0.488,0.122,-0.549,7.33,0.488,-0.488,-0.244
2021-11-30 10:10:51.613,6.27,0.427,0.0,-0.549,7.33,0.488,-0.488,-0.244
2021-11-30 10:10:51.618,6.27,0.427,0.0,-0.549,7.34,0.732,-0.427,-0.183
2021-11-30 10:10:51.623,6.28,0.366,0.061,-0.488,7.34,0.732,-0.427,-0.183
2021-11-30 10:10:51.628,6.28,0.366,0.061,-0.488,7.35,0.732,-0.488,-0.183
2021-11-30 10:10:51.633,6.29,0.366,0.183,-0.427,7.35,0.732,-0.488,-0.183
2021-11-30 10:10:51.638,6.29,0.366,0.183,-0.427,7.36,0.671,-0.488,-0.244
2021-11-30 10:10:51.643,6.3,0.366,0.122,-0.427,7.36,0.671,-0.488,-0.244
2021-11-30 10:10:51.648,6.3,0.366,0.122,-0.427,7.37,0.488,-0.549,-0.122
2021-11-30 10:10:51.653,6.31,0.366,0.183,-0.305,7.37,0.488,-0.549,-0.122
2021-11-30 10:10:51.658,6.31,0.366,0.183,-0.305,7.38,0.61,-0.488,0.0
2021-11-30 10:10:51.663,6.32,0.366,0.183,-0.244,7.38,0.61,-0.488,0.0
2021-11-30 10:10:51.668,6.32,0.366,0.183,-0.244,7.39,0.549,-0.61,0.0
2021-11-30 10:10:51.673,6.33,0.366,0.183,-0.122,7.39,0.549,-0.61,0.0
2021-11-30 10:10:51.678,6.33,0.366,0.183,-0.122,7.4,0.732,-0.671,0.061
2021-11-30 10:10:51.683,6.34,0.305,0.183,-0.183,7.4,0.732,-0.671,0.061
2021-11-30 10:10:51.688,6.34,0.305,0.183,-0.183,7.41,0.671,-0.671,0.183
2021-11-30 10:10:51.693,6.35,0.244,0.122,0.061,7.41,0.671,-0.671,0.183
2021-11-30 10:10:51.698,6.35,0.244,0.122,0.061,7.42,0.61,-0.732,0.122
2021-11-30 10:10:51.703,6.36,0.244,0.122,0.0,7.42,0.61,-0.732,0.122
2021-11-30 10:10:51.708,6.36,0.244,0.122,0.0,7.43,0.732,-0.793,0.244
2021-11-30 10:10:51.713,6.37,0.244,0.183,-0.061,7.43,0.732,-0.793,0.244
2021-11-30 10:10:51.718,6.37,0.244,0.183,-0.061,7.44,0.549,-0.793,0.244
2021-11-30 10:10:51.723,6.38,0.183,0.183,0.0,7.44,0.549,-0.793,0.244
2021-11-30 10:10:51.728,6.38,0.183,0.183,0.0,7.45,0.61,-0.793,0.183
2021-11-30 10:10:51.733,6.39,0.183,0.122,-0.122,7.45,0.61,-0.793,0.183
2021-11-30 10:10:51.738,6.39,0.183,0.122,-0.122,7.46,0.732,-0.732,0.061
2021-11-30 10:10:51.743,6.4,0.244,0.061,-0.244,7.46,0.732,-0.732,0.061
2021-11-30 10:10:51.748,6.4,0.244,0.061,-0.244,7.47,0.549,-0.671,-0.061
2021-11-30 10:10:51.753,6.41,0.122,0.0,-0.244,7.47,0.549,-0.671,-0.061
2021-11-30 10:10:51.758,6.41,0.122,0.0,-0.244,7.48,0.61,-0.671,0.0
2021-11-30 10:10:51.763,6.42,0.183,0.0,-0.122,7.48,0.61,-0.671,0.0
2021-11-30 10:10:51.768,6.42,0.183,0.0,-0.122,7.49,0.427,-0.671,-0.061
2021-11-30 10:10:51.773,6.43,0.244,0.061,-0.183,7.49,0.427,-0.671,-0.061
2021-11-30 10:10:51.778,6.43,0.244,0.061,-0.183,7.5,0.488,-0.61,-0.122
2021-11-30 10:10:51.783,6.44,0.305,0.0,-0.183,7.5,0.488,-0.61,-0.122
2021-11-30 10:10:51.788,6.44,0.305,0.0,-0.183,7.51,0.427,-0.549,-0.122
2021-11-30 10:10:51.793,6.45,0.305,-0.061,-0.244,7.51,0.427,-0.549,-0.122
2021-11-30 10:10:51.798,6.45,0.305,-0.061,-0.244,7.52,0.427,-0.61,-0.244
2021-11-30 10:10:51.803,6.46,0.244,0.0,-0.427,7.52,0.427,-0.61,-0.244
2021-11-30 10:10:51.808,6.46,0.244,0.0,-0.427,7.53,0.488,-0.61,-0.305
2021-11-30 10:10:51.813,6.47,0.244,-0.061,-0.427,7.53,0.488,-0.61,-0.305
2021-11-30 10:10:51.818,6.47,0.244,-0.061,-0.427,7.54,0.549,-0.61,-0.305
2021-11-30 10:10:51.823,6.48,0.305,-0.183,-0.488,7.54,0.549,-0.61,-0.305
2021-11-30 10:10:51.828,6.48,0.305,-0.183,-0.488,7.55,0.61,-0.671,-0.366
