source,feature,rfe_rank,rfe_selected,n_features_selected_target,selected_model_abs_coefficient_mean
All sensors,MGinter_cvVal,1,True,10,0.8891142191706365
All sensors,gyroz_maxVal,1,True,10,0.7732783977265423
All sensors,BFinter_cvVal,1,True,10,0.7491356680759994
All sensors,GMinter_psdAsymmetry,1,True,10,0.6949797071318643
All sensors,gyroz_varVal,1,True,10,0.666870371858578
All sensors,gyroz_domAmp,1,True,10,0.6594559510099018
All sensors,gyroy_minVal,1,True,10,0.6124060578925214
All sensors,gyrox_domFreq,1,True,10,0.6111754704876255
All sensors,accz_meanVal,1,True,10,0.5423108904684871
All sensors,gyrox_cvVal,1,True,10,0.4944533528964216
All sensors,gyroz_cvVal,2,False,10,
All sensors,MGinter_psdAsymmetry,3,False,10,
All sensors,BFinter_logDetector,4,False,10,
All sensors,TAinter_harmonicRatio,5,False,10,
All sensors,gyroz_psdMean,6,False,10,
All sensors,gyroz_meanFreq,7,False,10,
All sensors,PLinter_cvVal,8,False,10,
All sensors,RFinter_minVal,9,False,10,
All sensors,accz_rmsVal,10,False,10,
All sensors,gyroz_peakToPeak,11,False,10,
All sensors,BFinter_waveformLength,12,False,10,
All sensors,gyroz_specEntropy,13,False,10,
All sensors,accy_domAmp,14,False,10,
All sensors,gyroz_meanVal,15,False,10,
All sensors,gyroy_peakToPeak,16,False,10,
All sensors,gyrox_harmonicRatio,17,False,10,
All sensors,MGinter_minVal,18,False,10,
All sensors,TAinter_psdAsymmetry,19,False,10,
All sensors,GMinter_harmonicRatio,20,False,10,
All sensors,gyroz_mavVal,21,False,10,
All sensors,accx_minVal,22,False,10,
All sensors,accy_specEntropy,23,False,10,
All sensors,RFinter_meanFreq,24,False,10,
All sensors,gyrox_mavVal,25,False,10,
All sensors,gyroz_sdVal,26,False,10,
All sensors,accy_maxVal,27,False,10,
All sensors,accy_harmonicRatio,28,False,10,
All sensors,BFinter_specEntropy,29,False,10,
All sensors,gyroz_harmonicRatio,30,False,10,
All sensors,GMinter_meanFreq,31,False,10,
All sensors,PLinter_harmonicRatio,32,False,10,
All sensors,accx_meanVal,33,False,10,
All sensors,gyroy_meanVal,34,False,10,
All sensors,accz_minVal,35,False,10,
All sensors,TAinter_cvVal,36,False,10,
All sensors,gyroz_rmsVal,37,False,10,
All sensors,GMinter_domFreq,38,False,10,
All sensors,BFinter_mavVal,39,False,10,
All sensors,RFinter_psdAsymmetry,40,False,10,
All sensors,accx_mavVal,41,False,10,
All sensors,accy_medianFreq,42,False,10,
All sensors,gyrox_medianFreq,43,False,10,
All sensors,MGinter_meanFreq,44,False,10,
All sensors,MGinter_domFreq,45,False,10,
All sensors,accy_meanVal,46,False,10,
All sensors,accz_domFreq,47,False,10,
All sensors,accx_domAmp,48,False,10,
All sensors,RFinter_cvVal,49,False,10,
All sensors,accx_peakToPeak,50,False,10,
All sensors,gyroy_cvVal,51,False,10,
All sensors,gyroz_minVal,52,False,10,
All sensors,gyrox_specEntropy,53,False,10,
All sensors,accx_varVal,54,False,10,
All sensors,PLinter_varVal,55,False,10,
All sensors,gyroy_rmsVal,56,False,10,
All sensors,MGinter_harmonicRatio,57,False,10,
All sensors,GMinter_minVal,58,False,10,
All sensors,GMinter_cvVal,59,False,10,
All sensors,accx_rmsVal,60,False,10,
All sensors,gyroz_psdAsymmetry,61,False,10,
All sensors,gyroz_domFreq,62,False,10,
All sensors,accz_sdVal,63,False,10,
All sensors,accx_harmonicRatio,64,False,10,
All sensors,PLinter_psdMean,65,False,10,
All sensors,accz_harmonicRatio,66,False,10,
All sensors,accy_rmsVal,67,False,10,
All sensors,MGinter_medianFreq,68,False,10,
All sensors,BFinter_minVal,69,False,10,
All sensors,TAinter_minVal,70,False,10,
All sensors,PLinter_psdAsymmetry,71,False,10,
All sensors,PLinter_meanPowerFreq,72,False,10,
All sensors,gyrox_rmsVal,73,False,10,
All sensors,accx_sdVal,74,False,10,
All sensors,RFinter_domFreq,75,False,10,
All sensors,accx_domFreq,76,False,10,
All sensors,gyroy_mavVal,77,False,10,
All sensors,BFinter_meanFreq,78,False,10,
All sensors,accx_psdMean,79,False,10,
All sensors,gyroy_domFreq,80,False,10,
All sensors,GMinter_cwtMean,81,False,10,
All sensors,accy_domFreq,82,False,10,
All sensors,gyrox_sdVal,83,False,10,
All sensors,accx_cvVal,84,False,10,
All sensors,gyroz_medianFreq,85,False,10,
All sensors,gyroy_harmonicRatio,86,False,10,
All sensors,gyroy_medianFreq,87,False,10,
All sensors,gyrox_meanVal,88,False,10,
All sensors,GMinter_medianFreq,89,False,10,
All sensors,PLinter_maxVal,90,False,10,
All sensors,GMinter_emdEnergy,91,False,10,
All sensors,gyrox_domAmp,92,False,10,
All sensors,gyroy_domAmp,93,False,10,
All sensors,accz_varVal,94,False,10,
All sensors,accx_maxVal,95,False,10,
All sensors,gyrox_meanFreq,96,False,10,
All sensors,gyrox_maxVal,97,False,10,
All sensors,BFinter_domFreq,98,False,10,
All sensors,accx_meanFreq,99,False,10,
All sensors,PLinter_peakToPeak,100,False,10,
All sensors,GMinter_peakToPeak,101,False,10,
All sensors,accy_mavVal,102,False,10,
All sensors,MGinter_cwtMean,103,False,10,
All sensors,gyroy_specEntropy,104,False,10,
All sensors,accz_mavVal,105,False,10,
All sensors,accz_cvVal,106,False,10,
All sensors,gyroy_psdMean,107,False,10,
All sensors,RFinter_medianFreq,108,False,10,
All sensors,gyroy_sdVal,109,False,10,
All sensors,PLinter_minVal,110,False,10,
All sensors,PLinter_cwtMean,111,False,10,
All sensors,BFinter_psdAsymmetry,112,False,10,
All sensors,TAinter_domAmp,113,False,10,
All sensors,GMinter_maxVal,114,False,10,
All sensors,PLinter_domFreq,115,False,10,
All sensors,BFinter_harmonicRatio,116,False,10,
All sensors,BFinter_peakToPeak,117,False,10,
All sensors,accy_meanFreq,118,False,10,
All sensors,accy_peakToPeak,119,False,10,
All sensors,gyroy_varVal,120,False,10,
All sensors,PLinter_specEntropy,121,False,10,
All sensors,accx_specEntropy,122,False,10,
All sensors,GMinter_varVal,123,False,10,
All sensors,gyrox_peakToPeak,124,False,10,
All sensors,RFinter_specEntropy,125,False,10,
All sensors,GMinter_meanPowerFreq,126,False,10,
All sensors,TAinter_waveformLength,127,False,10,
All sensors,MGinter_waveformLength,128,False,10,
All sensors,accz_specEntropy,129,False,10,
All sensors,gyrox_varVal,130,False,10,
All sensors,accz_maxVal,131,False,10,
All sensors,GMinter_psdMean,132,False,10,
All sensors,PLinter_emdEnergy,133,False,10,
All sensors,BFinter_varVal,134,False,10,
All sensors,GMinter_logDetector,135,False,10,
All sensors,gyrox_minVal,136,False,10,
All sensors,GMinter_sdVal,137,False,10,
All sensors,gyrox_psdMean,138,False,10,
All sensors,accz_peakToPeak,139,False,10,
All sensors,TAinter_specEntropy,140,False,10,
All sensors,GMinter_specEntropy,141,False,10,
All sensors,PLinter_meanFreq,142,False,10,
All sensors,GMinter_rmsVal,143,False,10,
All sensors,BFinter_cwtMean,144,False,10,
All sensors,accz_psdMean,145,False,10,
All sensors,GMinter_dwtEnergy,146,False,10,
All sensors,accy_minVal,147,False,10,
All sensors,PLinter_sdVal,148,False,10,
All sensors,RFinter_domAmp,149,False,10,
All sensors,TAinter_medianFreq,150,False,10,
All sensors,BFinter_domAmp,151,False,10,
All sensors,gyroy_maxVal,152,False,10,
All sensors,PLinter_dwtEnergy,153,False,10,
All sensors,BFinter_meanVal,154,False,10,
All sensors,accy_sdVal,155,False,10,
All sensors,RFinter_maxVal,156,False,10,
All sensors,gyroy_meanFreq,157,False,10,
All sensors,BFinter_maxVal,158,False,10,
All sensors,RFinter_peakToPeak,159,False,10,
All sensors,accy_cvVal,160,False,10,
All sensors,PLinter_medianFreq,161,False,10,
All sensors,RFinter_waveformLength,162,False,10,
All sensors,PLinter_rmsVal,163,False,10,
All sensors,TAinter_dwtEnergy,164,False,10,
All sensors,accy_psdMean,165,False,10,
All sensors,GMinter_mavVal,166,False,10,
All sensors,accz_psdAsymmetry,167,False,10,
All sensors,RFinter_harmonicRatio,168,False,10,
All sensors,MGinter_varVal,169,False,10,
All sensors,accx_psdAsymmetry,170,False,10,
All sensors,TAinter_psdMean,171,False,10,
All sensors,TAinter_meanPowerFreq,172,False,10,
All sensors,accy_varVal,173,False,10,
All sensors,RFinter_cwtMean,174,False,10,
All sensors,gyroy_psdAsymmetry,175,False,10,
All sensors,BFinter_dwtEnergy,176,False,10,
All sensors,MGinter_dwtEnergy,177,False,10,
All sensors,MGinter_sdVal,178,False,10,
All sensors,MGinter_meanPowerFreq,179,False,10,
All sensors,gyrox_psdAsymmetry,180,False,10,
All sensors,MGinter_psdMean,181,False,10,
All sensors,MGinter_rmsVal,182,False,10,
All sensors,PLinter_mavVal,183,False,10,
All sensors,TAinter_mavVal,184,False,10,
All sensors,TAinter_meanFreq,185,False,10,
All sensors,MGinter_mavVal,186,False,10,
All sensors,TAinter_rmsVal,187,False,10,
All sensors,RFinter_logDetector,188,False,10,
All sensors,accz_domAmp,189,False,10,
All sensors,TAinter_logDetector,190,False,10,
All sensors,TAinter_sdVal,191,False,10,
All sensors,PLinter_meanVal,192,False,10,
All sensors,PLinter_logDetector,193,False,10,
All sensors,accy_psdAsymmetry,194,False,10,
All sensors,MGinter_meanVal,195,False,10,
All sensors,RFinter_mavVal,196,False,10,
All sensors,TAinter_emdEnergy,197,False,10,
All sensors,RFinter_varVal,198,False,10,
All sensors,MGinter_domAmp,199,False,10,
All sensors,PLinter_waveformLength,200,False,10,
All sensors,TAinter_meanVal,201,False,10,
All sensors,RFinter_sdVal,202,False,10,
All sensors,accz_meanFreq,203,False,10,
All sensors,accx_medianFreq,204,False,10,
All sensors,MGinter_emdEnergy,205,False,10,
All sensors,GMinter_domAmp,206,False,10,
All sensors,BFinter_psdMean,207,False,10,
All sensors,TAinter_cwtMean,208,False,10,
All sensors,BFinter_meanPowerFreq,209,False,10,
All sensors,RFinter_emdEnergy,210,False,10,
All sensors,MGinter_peakToPeak,211,False,10,
All sensors,RFinter_rmsVal,212,False,10,
All sensors,BFinter_sdVal,213,False,10,
All sensors,TAinter_domFreq,214,False,10,
All sensors,TAinter_varVal,215,False,10,
All sensors,GMinter_waveformLength,216,False,10,
All sensors,accz_medianFreq,217,False,10,
All sensors,BFinter_medianFreq,218,False,10,
All sensors,MGinter_specEntropy,219,False,10,
All sensors,TAinter_peakToPeak,220,False,10,
All sensors,MGinter_logDetector,221,False,10,
All sensors,GMinter_meanVal,222,False,10,
All sensors,BFinter_rmsVal,223,False,10,
All sensors,RFinter_meanVal,224,False,10,
All sensors,RFinter_psdMean,225,False,10,
All sensors,RFinter_meanPowerFreq,226,False,10,
All sensors,BFinter_emdEnergy,227,False,10,
All sensors,MGinter_maxVal,228,False,10,
All sensors,PLinter_domAmp,229,False,10,
All sensors,RFinter_dwtEnergy,230,False,10,
All sensors,TAinter_maxVal,231,False,10,
