source,feature,combined_rank,combined_rank_score,anova_rank,anova_f_score,p_value,rfe_rank,rfe_selected,n_features_selected_target,selected_model_abs_coefficient_mean
EMG,BFinter_cvVal,1,3,2,10.180449349331417,0.00016579462908858312,1,True,5,0.830007627306513
EMG,MGinter_cvVal,2,5,4,9.451555728935244,0.0002851250556458693,1,True,5,0.8753893036196124
EMG,GMinter_psdAsymmetry,3,6,5,8.590070850202492,0.0005485738695242438,1,True,5,0.752063936460157
EMG,BFinter_waveformLength,4,11,9,3.0289381350653652,0.05621629193232272,2,False,5,
EMG,BFinter_psdAsymmetry,5,13,7,5.8456377425156125,0.004906121957474693,6,False,5,
EMG,PLinter_minVal,6,14,3,9.980836148757154,0.00019213666732946865,11,False,5,
EMG,MGinter_minVal,7,17,1,10.973892688389988,9.294900828747676e-05,16,False,5,
EMG,TAinter_cvVal,8,18,14,2.3434286031836433,0.10518238553030981,4,False,5,
EMG,RFinter_peakToPeak,8,18,17,2.239146290466136,0.11584096296978384,1,True,5,0.9683209113987464
EMG,TAinter_minVal,9,23,6,6.986928741202099,0.0019325409211342764,17,False,5,
EMG,PLinter_cvVal,10,36,15,2.3013236187475665,0.10935815825145295,21,False,5,
EMG,GMinter_meanFreq,11,38,8,3.2678330959421475,0.0453348443189831,30,False,5,
EMG,TAinter_waveformLength,12,49,24,2.186889037822946,0.12159673569380347,25,False,5,
EMG,PLinter_harmonicRatio,13,57,48,1.990689162926057,0.14598631755816202,9,False,5,
EMG,TAinter_domAmp,14,64,19,2.225888974434655,0.1172739322990568,45,False,5,
EMG,MGinter_psdAsymmetry,14,64,59,1.8750479441031436,0.16268398625933808,5,False,5,
EMG,GMinter_waveformLength,15,67,12,2.4252626930055747,0.09753189986558843,55,False,5,
EMG,RFinter_waveformLength,16,70,10,2.776583244590486,0.0706851799354351,60,False,5,
EMG,MGinter_harmonicRatio,17,72,16,2.2933213009333224,0.11017100362205993,56,False,5,
EMG,RFinter_maxVal,17,72,33,2.1132169913365555,0.1302185543073755,39,False,5,
EMG,TAinter_emdEnergy,18,83,32,2.116247977735719,0.12985164503615804,51,False,5,
EMG,GMinter_peakToPeak,19,85,54,1.9245162910516738,0.1553114827440655,31,False,5,
EMG,PLinter_medianFreq,20,87,79,1.6511348889144182,0.20087417067697613,8,False,5,
EMG,BFinter_logDetector,20,87,80,1.6495240711790848,0.20118026408553963,7,False,5,
EMG,GMinter_maxVal,21,89,53,1.9304418154694303,0.1544518665227003,36,False,5,
EMG,RFinter_domAmp,22,90,21,2.1991823557769505,0.12021660668531627,69,False,5,
EMG,TAinter_harmonicRatio,23,91,90,1.4539535818398974,0.2421782660548738,1,True,5,0.6465131035469766
EMG,TAinter_dwtEnergy,24,92,26,2.171904504220436,0.12330120587937052,66,False,5,
EMG,GMinter_emdEnergy,24,92,73,1.7866062134832366,0.1767812090503925,19,False,5,
EMG,RFinter_psdAsymmetry,25,95,77,1.708975400694438,0.19019655110575348,18,False,5,
EMG,GMinter_domAmp,26,98,28,2.146122918181804,0.12629194281653305,70,False,5,
EMG,GMinter_varVal,26,98,51,1.949498925807967,0.15172048635442734,47,False,5,
EMG,GMinter_sdVal,27,99,35,2.092768734718401,0.13272207881108383,64,False,5,
EMG,RFinter_emdEnergy,28,100,18,2.2259847756551783,0.11726351169343165,82,False,5,
EMG,RFinter_sdVal,29,102,11,2.4867101664291735,0.09216745918408735,91,False,5,
EMG,GMinter_dwtEnergy,30,103,45,2.025306015191268,0.14134086898088027,58,False,5,
EMG,PLinter_maxVal,31,108,88,1.5128044628490906,0.22900291768016218,20,False,5,
EMG,BFinter_domAmp,32,110,20,2.2183039234065585,0.11810203241662015,90,False,5,
EMG,RFinter_minVal,33,112,109,1.0697356207056952,0.3498858872721121,3,False,5,
EMG,GMinter_psdMean,34,113,41,2.071292909792167,0.135405104090475,72,False,5,
EMG,PLinter_varVal,34,113,56,1.9120960732407575,0.15712939115201768,57,False,5,
EMG,MGinter_waveformLength,34,113,70,1.813149537088327,0.17242222516287953,43,False,5,
EMG,GMinter_harmonicRatio,35,115,75,1.7513170052446456,0.1827537687531793,40,False,5,
EMG,BFinter_meanFreq,35,115,89,1.457618347276963,0.2413353417235158,26,False,5,
EMG,GMinter_rmsVal,36,116,31,2.119705062549754,0.1294344613809376,85,False,5,
EMG,GMinter_meanPowerFreq,36,116,42,2.071292909792167,0.135405104090475,74,False,5,
EMG,GMinter_cwtMean,37,121,46,2.022142895928333,0.141758922748186,75,False,5,
EMG,RFinter_rmsVal,38,124,13,2.3608466664815952,0.10350353029110519,111,False,5,
EMG,RFinter_cvVal,38,124,101,1.1701575191510425,0.3176601439312584,23,False,5,
EMG,PLinter_emdEnergy,39,125,47,2.011991582676048,0.14310923734119388,78,False,5,
EMG,BFinter_varVal,39,125,49,1.9837402205649346,0.1469377310974521,76,False,5,
EMG,PLinter_psdMean,39,125,62,1.8540392026066208,0.16592373894676415,63,False,5,
EMG,PLinter_domAmp,40,127,25,2.1781671273264513,0.12258585270306203,102,False,5,
EMG,BFinter_minVal,40,127,92,1.4039345208188692,0.25399257288178106,35,False,5,
EMG,MGinter_medianFreq,40,127,100,1.179138911254799,0.31493183256818574,27,False,5,
EMG,PLinter_meanPowerFreq,41,128,61,1.8540392026066208,0.16592373894676415,67,False,5,
EMG,RFinter_varVal,42,129,23,2.187852353343214,0.12148799767957329,106,False,5,
EMG,BFinter_harmonicRatio,43,130,116,0.8106875248925574,0.4496114385330007,14,False,5,
EMG,TAinter_varVal,44,131,34,2.10777997500765,0.13087941156183053,97,False,5,
EMG,RFinter_dwtEnergy,45,132,22,2.1881465863421257,0.12145480504693666,110,False,5,
EMG,PLinter_dwtEnergy,46,133,38,2.0759820441667807,0.13481452694412674,95,False,5,
EMG,BFinter_mavVal,46,133,50,1.9554898350582546,0.15087220088961828,83,False,5,
EMG,RFinter_meanFreq,47,134,124,0.590255914842921,0.5575368370351532,10,False,5,
EMG,TAinter_psdMean,48,139,39,2.075933441606967,0.1348206345423974,100,False,5,
EMG,PLinter_peakToPeak,48,139,105,1.1423924842117563,0.3262502031651033,34,False,5,
EMG,PLinter_meanFreq,48,139,115,0.8939842823238479,0.4146794065031203,24,False,5,
EMG,BFinter_domFreq,49,140,112,0.967661636060562,0.38612399396018826,28,False,5,
EMG,MGinter_domFreq,49,140,127,0.34057680850705485,0.7127974934915178,13,False,5,
EMG,TAinter_meanPowerFreq,50,141,40,2.075933441606967,0.1348206345423974,101,False,5,
EMG,PLinter_cwtMean,51,142,96,1.2834687031031453,0.28495950175429213,46,False,5,
EMG,MGinter_domAmp,52,144,36,2.0879462453535664,0.1333197340894981,108,False,5,
EMG,BFinter_dwtEnergy,52,144,37,2.0836465213500364,0.13385495167905725,107,False,5,
EMG,MGinter_meanFreq,52,144,129,0.25922014071329585,0.7725578553146257,15,False,5,
EMG,BFinter_sdVal,53,145,52,1.9446377978088334,0.15241242743122274,93,False,5,
EMG,BFinter_emdEnergy,54,146,27,2.167460579346426,0.12381143664343645,119,False,5,
EMG,RFinter_cwtMean,54,146,30,2.120229565285254,0.12937128833589895,116,False,5,
EMG,GMinter_domFreq,55,148,136,0.0956005834119222,0.9089723534865356,12,False,5,
EMG,PLinter_mavVal,56,149,111,1.0024468828797741,0.37335713247480534,38,False,5,
EMG,BFinter_cwtMean,57,152,68,1.8408240405264356,0.16799579584099952,84,False,5,
EMG,GMinter_cvVal,58,154,122,0.6521717479116219,0.5247560612721682,32,False,5,
EMG,PLinter_waveformLength,59,157,69,1.8205037618670605,0.1712342950697523,88,False,5,
EMG,RFinter_harmonicRatio,59,157,128,0.3236408070520226,0.7248308234852578,29,False,5,
EMG,TAinter_maxVal,60,158,78,1.6841373866753335,0.19470791016809794,80,False,5,
EMG,RFinter_domFreq,60,158,121,0.655631710196598,0.5229841468588896,37,False,5,
EMG,PLinter_specEntropy,61,159,137,0.07881333080673054,0.9243129660069662,22,False,5,
EMG,GMinter_minVal,62,160,98,1.2811286419167087,0.2855983288846125,62,False,5,
EMG,GMinter_logDetector,62,160,106,1.1162319301340844,0.33456394778080767,54,False,5,
EMG,PLinter_sdVal,62,160,110,1.0384142996110535,0.3606151356331717,50,False,5,
EMG,PLinter_logDetector,62,160,118,0.7331837280292477,0.4848520116820516,42,False,5,
EMG,GMinter_medianFreq,63,161,117,0.7813230995872464,0.4626405039631263,44,False,5,
EMG,RFinter_mavVal,64,163,29,2.1216188716126716,0.12920410933550439,134,False,5,
EMG,TAinter_domFreq,65,164,131,0.1487801250875822,0.862092135079417,33,False,5,
EMG,PLinter_rmsVal,66,165,104,1.1425855059448045,0.3261896625406703,61,False,5,
EMG,GMinter_mavVal,67,166,67,1.842452934098706,0.1677389546026164,99,False,5,
EMG,MGinter_cwtMean,67,166,95,1.3239527787618854,0.27413862083507085,71,False,5,
EMG,PLinter_domFreq,68,167,126,0.37146221897437554,0.6913823533262976,41,False,5,
EMG,RFinter_psdMean,69,169,44,2.0590510234206176,0.1369595744334174,125,False,5,
EMG,RFinter_meanPowerFreq,70,170,43,2.0590510234206176,0.1369595744334174,127,False,5,
EMG,PLinter_psdAsymmetry,71,171,103,1.1500424940519782,0.3238596831553476,68,False,5,
EMG,TAinter_psdAsymmetry,72,172,119,0.7186043224669633,0.49179452923083333,53,False,5,
EMG,BFinter_meanVal,73,175,71,1.8127715739676096,0.17248350764462927,104,False,5,
EMG,BFinter_specEntropy,73,175,123,0.6081125575396561,0.5478708704056731,52,False,5,
EMG,BFinter_rmsVal,74,176,55,1.9183727023359451,0.15620796383137436,121,False,5,
EMG,TAinter_peakToPeak,74,176,99,1.2150593954888365,0.3042603313696245,77,False,5,
EMG,MGinter_dwtEnergy,75,177,63,1.8481815610249048,0.1668388979110244,114,False,5,
EMG,BFinter_medianFreq,76,179,130,0.23815659931737074,0.7888595014573446,49,False,5,
EMG,TAinter_specEntropy,77,183,135,0.10377943534966197,0.9015940258685873,48,False,5,
EMG,PLinter_meanVal,78,184,66,1.8427953785947797,0.1676850102480107,118,False,5,
EMG,RFinter_medianFreq,78,184,125,0.4183528067649598,0.6601342748687946,59,False,5,
EMG,TAinter_meanVal,79,187,57,1.8954879349794551,0.1595947518721955,130,False,5,
EMG,TAinter_sdVal,79,187,91,1.4250132431856024,0.24894275927261664,96,False,5,
EMG,MGinter_sdVal,79,187,108,1.081292774596679,0.3460108687265988,79,False,5,
EMG,MGinter_rmsVal,80,188,102,1.158960867327496,0.3210956904688143,86,False,5,
EMG,MGinter_mavVal,80,188,107,1.1150622607254579,0.3349407473093929,81,False,5,
EMG,GMinter_meanVal,81,189,58,1.8944195028611839,0.15975471742653155,131,False,5,
EMG,MGinter_varVal,82,190,81,1.6386043153252678,0.20326804613517788,109,False,5,
EMG,TAinter_rmsVal,82,190,87,1.525064302829064,0.22635289019917196,103,False,5,
EMG,BFinter_psdMean,83,191,65,1.8467032213309658,0.1670706885137042,126,False,5,
EMG,TAinter_mavVal,83,191,93,1.3675889647417943,0.2629503662223299,98,False,5,
EMG,BFinter_meanPowerFreq,84,192,64,1.8467032213309658,0.1670706885137042,128,False,5,
EMG,RFinter_meanVal,85,193,60,1.855101296988781,0.1657583616507905,133,False,5,
EMG,TAinter_medianFreq,85,193,120,0.7056615061629917,0.49804393821898874,73,False,5,
EMG,MGinter_meanVal,86,194,72,1.8054242844585164,0.17367927765623456,122,False,5,
EMG,BFinter_maxVal,87,198,74,1.7729337635772688,0.17907087518709314,124,False,5,
EMG,MGinter_psdMean,87,198,85,1.5586253788456539,0.21925964614401228,113,False,5,
EMG,MGinter_meanPowerFreq,88,199,84,1.5586253788456539,0.21925964614401228,115,False,5,
EMG,RFinter_logDetector,88,199,94,1.3641915539181324,0.26380424344796954,105,False,5,
EMG,TAinter_meanFreq,88,199,134,0.11701570497925934,0.8897843596622043,65,False,5,
EMG,MGinter_logDetector,89,202,113,0.9538180660672388,0.3913297932128791,89,False,5,
EMG,BFinter_peakToPeak,90,203,86,1.5440192125277237,0.22231799951396014,117,False,5,
EMG,MGinter_emdEnergy,91,205,76,1.7268009126505188,0.18702567101484727,129,False,5,
EMG,TAinter_cwtMean,92,206,83,1.5762180021770293,0.21563369467905885,123,False,5,
EMG,TAinter_logDetector,92,206,114,0.9509255946970151,0.3924266362735974,92,False,5,
EMG,MGinter_maxVal,93,214,82,1.6248523692583678,0.20592927143796882,132,False,5,
EMG,MGinter_peakToPeak,94,217,97,1.2829677672157782,0.2850961306692111,120,False,5,
EMG,RFinter_specEntropy,95,225,138,0.04776625358883426,0.9533947241721574,87,False,5,
EMG,GMinter_specEntropy,96,227,133,0.1324967314998894,0.876174774605521,94,False,5,
EMG,MGinter_specEntropy,97,244,132,0.13611016575205231,0.8730292838940996,112,False,5,
