sensor_combination,feature_set,model,validation_method,n_samples,n_features,accuracy,balanced_accuracy,macro_precision,macro_recall,macro_f1,weighted_f1,mcc
All sensors,Top 10 selected features,Logistic Regression,Leave-One-Subject-Out,60,10,0.9666666666666667,0.9555555555555556,0.9555555555555556,0.9555555555555556,0.9555555555555556,0.9666666666666667,0.9466666666666667
All sensors,Top 10 selected features,Linear SVM,Leave-One-Subject-Out,60,10,0.9666666666666667,0.9555555555555556,0.9555555555555556,0.9555555555555556,0.9555555555555556,0.9666666666666667,0.9466666666666667
All sensors,Top 10 selected features,RBF SVM,Leave-One-Subject-Out,60,10,0.9666666666666667,0.9555555555555556,0.9555555555555556,0.9555555555555556,0.9555555555555556,0.9666666666666667,0.9466666666666667
Gyroscope + EMG,Top 10 selected features,Logistic Regression,Leave-One-Subject-Out,60,10,0.9333333333333333,0.9111111111111111,0.9111111111111111,0.9111111111111111,0.9111111111111111,0.9333333333333333,0.8933333333333333
Gyroscope + EMG,Top 10 selected features,Linear SVM,Leave-One-Subject-Out,60,10,0.9333333333333333,0.9111111111111111,0.9111111111111111,0.9111111111111111,0.9111111111111111,0.9333333333333333,0.8933333333333333
Gyroscope + EMG,Top 10 selected features,RBF SVM,Leave-One-Subject-Out,60,10,0.9166666666666666,0.888888888888889,0.8898809523809524,0.888888888888889,0.8887652947719689,0.9165739710789768,0.8670521088323383
All sensors,Top 10 selected features,k-NN,Leave-One-Subject-Out,60,10,0.9166666666666666,0.888888888888889,0.8898809523809524,0.888888888888889,0.8887652947719689,0.9165739710789768,0.8670521088323383
Gyroscope,Top 10 selected features,Linear SVM,Leave-One-Subject-Out,60,10,0.9,0.8777777777777778,0.8739495798319328,0.8777777777777778,0.8743790181180596,0.9015469754529516,0.8421869174178811
Gyroscope + EMG,Top 10 selected features,k-NN,Leave-One-Subject-Out,60,10,0.9,0.8666666666666667,0.8702865761689291,0.8666666666666667,0.8660714285714285,0.8995535714285714,0.8414973273915589
Gyroscope,Top 5 selected features,Linear SVM,Leave-One-Subject-Out,60,5,0.8833333333333333,0.8555555555555555,0.8579365079365079,0.8555555555555555,0.8561488073167718,0.8837782721542455,0.8136950559811175
Accelerometer + EMG,Top 10 selected features,k-NN,Leave-One-Subject-Out,60,10,0.8833333333333333,0.8444444444444444,0.8680555555555555,0.8444444444444444,0.8522500995619277,0.8811230585424135,0.8134892168199608
Gyroscope + EMG,Top 5 selected features,Logistic Regression,Leave-One-Subject-Out,60,5,0.8833333333333333,0.8444444444444444,0.851851851851852,0.8444444444444444,0.8428731762065095,0.8821548821548822,0.8166063177175406
All sensors,Top 5 selected features,Logistic Regression,Leave-One-Subject-Out,60,5,0.8833333333333333,0.8444444444444444,0.851851851851852,0.8444444444444444,0.8428731762065095,0.8821548821548822,0.8166063177175406
Accelerometer + EMG,Top 10 selected features,Linear SVM,Leave-One-Subject-Out,60,10,0.8666666666666667,0.8444444444444444,0.837116858237548,0.8444444444444444,0.8403985177085231,0.8675870238746128,0.788442636496008
Gyroscope + Accelerometer,Top 5 selected features,RBF SVM,Leave-One-Subject-Out,60,5,0.8666666666666667,0.8333333333333334,0.8403993855606758,0.8333333333333334,0.8364801205954399,0.8650650084793667,0.7856065411586588
Accelerometer + EMG,Top 10 selected features,Logistic Regression,Leave-One-Subject-Out,60,10,0.8666666666666667,0.8333333333333334,0.8333333333333334,0.8333333333333334,0.8333333333333334,0.8666666666666667,0.7866666666666666
Gyroscope + EMG,Top 10 selected features,Gaussian Naive Bayes,Leave-One-Subject-Out,60,10,0.8666666666666667,0.8222222222222223,0.846986346986347,0.8222222222222223,0.8322386425834702,0.8622742200328407,0.7850240853239323
All sensors,Top 10 selected features,Gaussian Naive Bayes,Leave-One-Subject-Out,60,10,0.8666666666666667,0.8222222222222223,0.8474747474747475,0.8222222222222223,0.8310405643738976,0.8613756613756614,0.785756725787005
Gyroscope,Top 5 selected features,Logistic Regression,Leave-One-Subject-Out,60,5,0.8666666666666667,0.8333333333333334,0.8305322128851541,0.8333333333333334,0.8305571790376,0.8686805961426067,0.7891357730136052
Gyroscope,Top 5 selected features,RBF SVM,Leave-One-Subject-Out,60,5,0.8666666666666667,0.8333333333333334,0.8305322128851541,0.8333333333333334,0.8305571790376,0.8686805961426067,0.7891357730136052
Gyroscope + Accelerometer,Top 5 selected features,Linear SVM,Leave-One-Subject-Out,60,5,0.8666666666666667,0.8222222222222223,0.8355769230769231,0.8222222222222223,0.8273425499231951,0.8624423963133641,0.7852909926717627
Gyroscope + Accelerometer,Top 5 selected features,k-NN,Leave-One-Subject-Out,60,5,0.8666666666666667,0.8222222222222223,0.8355769230769231,0.8222222222222223,0.8273425499231951,0.8624423963133641,0.7852909926717627
Gyroscope + EMG,Top 5 selected features,Random Forest,Leave-One-Subject-Out,60,5,0.8666666666666667,0.8222222222222223,0.8289298515104967,0.8222222222222223,0.8251868601218516,0.864791784435651,0.7856065411586588
All sensors,Top 5 selected features,Random Forest,Leave-One-Subject-Out,60,5,0.8666666666666667,0.8222222222222223,0.8289298515104967,0.8222222222222223,0.8251868601218516,0.864791784435651,0.7856065411586588
Gyroscope + EMG,Top 5 selected features,Linear SVM,Leave-One-Subject-Out,60,5,0.8666666666666667,0.8222222222222223,0.835652540586127,0.8222222222222223,0.82478243270593,0.8644884638737097,0.7877403790622117
All sensors,Top 5 selected features,Linear SVM,Leave-One-Subject-Out,60,5,0.8666666666666667,0.8222222222222223,0.835652540586127,0.8222222222222223,0.82478243270593,0.8644884638737097,0.7877403790622117
Gyroscope + Accelerometer,Top 5 selected features,Extra Trees,Leave-One-Subject-Out,60,5,0.8666666666666667,0.8222222222222223,0.8401292335115865,0.8222222222222223,0.8241832092638545,0.8600728908188586,0.788186084491334
Gyroscope,All features,XGBoost,Leave-One-Subject-Out,60,51,0.8666666666666667,0.8222222222222223,0.8289909015715468,0.8222222222222223,0.8240286066832868,0.8639230943567273,0.786315892581874
Gyroscope + Accelerometer,Top 5 selected features,XGBoost,Leave-One-Subject-Out,60,5,0.8666666666666667,0.8222222222222223,0.8250377073906486,0.8222222222222223,0.8214285714285715,0.8660714285714286,0.7880689256524124
Gyroscope + EMG,Top 5 selected features,XGBoost,Leave-One-Subject-Out,60,5,0.8666666666666667,0.8222222222222223,0.8250377073906486,0.8222222222222223,0.8214285714285715,0.8660714285714286,0.7880689256524124
All sensors,Top 5 selected features,XGBoost,Leave-One-Subject-Out,60,5,0.8666666666666667,0.8222222222222223,0.8250377073906486,0.8222222222222223,0.8214285714285715,0.8660714285714286,0.7880689256524124
Gyroscope,Top 10 selected features,RBF SVM,Leave-One-Subject-Out,60,10,0.85,0.8111111111111112,0.8139265962795376,0.8111111111111112,0.8103174603174604,0.8494047619047619,0.761354724782839
All sensors,Top 10 selected features,XGBoost,Leave-One-Subject-Out,60,10,0.85,0.811111111111111,0.8069444444444445,0.811111111111111,0.8086872000485998,0.8522781119008567,0.7619403630003438
Gyroscope + Accelerometer,Top 5 selected features,Logistic Regression,Leave-One-Subject-Out,60,5,0.85,0.7999999999999999,0.8213453213453213,0.7999999999999999,0.8084291187739464,0.8444170771756979,0.7577188997474478
Gyroscope + EMG,All features,XGBoost,Leave-One-Subject-Out,60,189,0.85,0.8111111111111112,0.8119658119658119,0.8111111111111112,0.8082030963386897,0.8519150341184241,0.7639551933922779
Gyroscope + EMG,Top 10 selected features,XGBoost,Leave-One-Subject-Out,60,10,0.85,0.8111111111111112,0.8119658119658119,0.8111111111111112,0.8082030963386897,0.8519150341184241,0.7639551933922779
Gyroscope,Top 5 selected features,k-NN,Leave-One-Subject-Out,60,5,0.85,0.8111111111111112,0.8227272727272728,0.8111111111111112,0.8060718942074875,0.8503166325200223,0.7687193254049992
Gyroscope + Accelerometer,Top 10 selected features,RBF SVM,Leave-One-Subject-Out,60,10,0.8333333333333334,0.8111111111111112,0.7999999999999999,0.8111111111111112,0.8026581605528974,0.8388357256778308,0.7415617758189319
Gyroscope,Top 5 selected features,Extra Trees,Leave-One-Subject-Out,60,5,0.85,0.7999999999999999,0.8081575682382134,0.7999999999999999,0.8025232303392006,0.8477940620986628,0.7594332979636903
Gyroscope + EMG,Top 10 selected features,Extra Trees,Leave-One-Subject-Out,60,10,0.85,0.7999999999999999,0.8081575682382134,0.7999999999999999,0.8025232303392006,0.8477940620986628,0.7594332979636903
All sensors,Top 10 selected features,Random Forest,Leave-One-Subject-Out,60,10,0.85,0.7999999999999999,0.8081575682382134,0.7999999999999999,0.8025232303392006,0.8477940620986628,0.7594332979636903
All sensors,Top 10 selected features,Extra Trees,Leave-One-Subject-Out,60,10,0.85,0.7999999999999999,0.8081575682382134,0.7999999999999999,0.8025232303392006,0.8477940620986628,0.7594332979636903
Gyroscope + EMG,Top 5 selected features,RBF SVM,Leave-One-Subject-Out,60,5,0.85,0.7999999999999999,0.8078747628083492,0.7999999999999999,0.8000910746812386,0.8459699453551913,0.7608090840515378
Accelerometer + EMG,Top 10 selected features,RBF SVM,Leave-One-Subject-Out,60,10,0.85,0.7999999999999999,0.8078747628083492,0.7999999999999999,0.8000910746812386,0.8459699453551913,0.7608090840515378
All sensors,Top 5 selected features,RBF SVM,Leave-One-Subject-Out,60,5,0.85,0.7999999999999999,0.8078747628083492,0.7999999999999999,0.8000910746812386,0.8459699453551913,0.7608090840515378
EMG,Top 10 selected features,Logistic Regression,Leave-One-Subject-Out,60,10,0.8166666666666667,0.7888888888888889,0.7982590885816693,0.7888888888888889,0.7931662584008542,0.8161861692104767,0.7050315112962322
Gyroscope,Top 5 selected features,XGBoost,Leave-One-Subject-Out,60,5,0.8333333333333334,0.7888888888888889,0.7871148459383753,0.7888888888888889,0.7867353399571401,0.8358142168322619,0.7360846286093291
Gyroscope + Accelerometer,All features,Gradient Boosting,Leave-One-Subject-Out,60,102,0.8333333333333334,0.7777777777777777,0.7975357975357976,0.7777777777777777,0.7854406130268199,0.827175697865353,0.7304137141709631
Gyroscope + EMG,All features,Extra Trees,Leave-One-Subject-Out,60,189,0.8333333333333334,0.7777777777777777,0.7911324786324786,0.7777777777777777,0.7828981054787506,0.8291090629800307,0.7311329931771584
All sensors,All features,Random Forest,Leave-One-Subject-Out,60,240,0.8333333333333334,0.7777777777777777,0.7911324786324786,0.7777777777777777,0.7828981054787506,0.8291090629800307,0.7311329931771584
Gyroscope + EMG,All features,Random Forest,Leave-One-Subject-Out,60,189,0.8333333333333334,0.7777777777777777,0.7828981054787506,0.7777777777777777,0.779976132152503,0.8308837384586395,0.7318898545837078
Gyroscope + EMG,Top 5 selected features,Extra Trees,Leave-One-Subject-Out,60,5,0.8333333333333334,0.7777777777777778,0.7882669196710942,0.7777777777777778,0.7792577413479053,0.8303449453551913,0.7338777890408639
All sensors,Top 5 selected features,Extra Trees,Leave-One-Subject-Out,60,5,0.8333333333333334,0.7777777777777778,0.7882669196710942,0.7777777777777778,0.7792577413479053,0.8303449453551913,0.7338777890408639
Gyroscope + Accelerometer,Top 5 selected features,Random Forest,Leave-One-Subject-Out,60,5,0.8333333333333334,0.7777777777777778,0.7825165425971878,0.7777777777777778,0.7787137065296769,0.82993691924152,0.7325507033455065
Gyroscope + EMG,Top 5 selected features,k-NN,Leave-One-Subject-Out,60,5,0.8333333333333334,0.7777777777777778,0.7825165425971878,0.7777777777777778,0.7787137065296769,0.82993691924152,0.7325507033455065
Gyroscope + EMG,Top 5 selected features,Gaussian Naive Bayes,Leave-One-Subject-Out,60,5,0.8333333333333334,0.7777777777777778,0.7825165425971878,0.7777777777777778,0.7787137065296769,0.82993691924152,0.7325507033455065
Gyroscope + EMG,Top 10 selected features,Random Forest,Leave-One-Subject-Out,60,10,0.8333333333333334,0.7777777777777778,0.7825165425971878,0.7777777777777778,0.7787137065296769,0.82993691924152,0.7325507033455065
All sensors,Top 5 selected features,k-NN,Leave-One-Subject-Out,60,5,0.8333333333333334,0.7777777777777778,0.7825165425971878,0.7777777777777778,0.7787137065296769,0.82993691924152,0.7325507033455065
All sensors,Top 5 selected features,Gaussian Naive Bayes,Leave-One-Subject-Out,60,5,0.8333333333333334,0.7777777777777778,0.7825165425971878,0.7777777777777778,0.7787137065296769,0.82993691924152,0.7325507033455065
Gyroscope + Accelerometer,Top 10 selected features,Logistic Regression,Leave-One-Subject-Out,60,10,0.8166666666666667,0.7777777777777778,0.7819530405737303,0.7777777777777778,0.7767016411084208,0.819814366424536,0.7108104842867281
Gyroscope,Top 10 selected features,Logistic Regression,Leave-One-Subject-Out,60,10,0.8166666666666667,0.7666666666666666,0.7717638544251448,0.7666666666666666,0.767784744781043,0.8135434766185692,0.7056681087273228
Gyroscope + Accelerometer,All features,XGBoost,Leave-One-Subject-Out,60,102,0.8166666666666667,0.7666666666666666,0.7890209394453876,0.7666666666666666,0.7655673416907747,0.8118804243008678,0.711476174659024
Gyroscope + Accelerometer,Top 10 selected features,k-NN,Leave-One-Subject-Out,60,10,0.8166666666666667,0.7666666666666666,0.7678062678062677,0.7666666666666666,0.7641915523271455,0.818906376109766,0.7108104842867281
Gyroscope + EMG,All features,Linear SVM,Leave-One-Subject-Out,60,189,0.8166666666666667,0.7666666666666666,0.7678062678062677,0.7666666666666666,0.7641915523271455,0.818906376109766,0.7108104842867281
Gyroscope + Accelerometer,Top 10 selected features,Extra Trees,Leave-One-Subject-Out,60,10,0.8166666666666667,0.7555555555555555,0.7648809523809524,0.7555555555555555,0.7593622543566926,0.8114571746384872,0.7037315505489968
Gyroscope,Top 5 selected features,Random Forest,Leave-One-Subject-Out,60,5,0.8166666666666667,0.7555555555555555,0.7590885816692268,0.7555555555555555,0.7569876264053765,0.8136423591482947,0.7050315112962322
Gyroscope + EMG,Top 10 selected features,Gradient Boosting,Leave-One-Subject-Out,60,10,0.8166666666666667,0.7555555555555555,0.7590885816692268,0.7555555555555555,0.7569876264053765,0.8136423591482947,0.7050315112962322
All sensors,Top 10 selected features,Gradient Boosting,Leave-One-Subject-Out,60,10,0.8166666666666667,0.7555555555555555,0.7590885816692268,0.7555555555555555,0.7569876264053765,0.8136423591482947,0.7050315112962322
Gyroscope + Accelerometer,Top 5 selected features,Gradient Boosting,Leave-One-Subject-Out,60,5,0.8166666666666667,0.7555555555555555,0.7604891418933164,0.7555555555555555,0.754566383323214,0.8118264268366727,0.70694649403019
EMG,Top 10 selected features,Linear SVM,Leave-One-Subject-Out,60,10,0.7833333333333333,0.7444444444444445,0.7690642690642692,0.7444444444444445,0.7545155993431855,0.7801724137931034,0.6484981574415093
Accelerometer + EMG,Top 10 selected features,Gaussian Naive Bayes,Leave-One-Subject-Out,60,10,0.8166666666666667,0.7555555555555555,0.7716577540106951,0.7555555555555555,0.7541269841269841,0.8036904761904762,0.7070734577443563
EMG,Top 10 selected features,RBF SVM,Leave-One-Subject-Out,60,10,0.7833333333333333,0.7444444444444445,0.7422892720306513,0.7444444444444445,0.7430775773039304,0.7861217422999818,0.6559312690176873
Gyroscope,Top 10 selected features,k-NN,Leave-One-Subject-Out,60,10,0.8,0.7444444444444445,0.7485380116959064,0.7444444444444445,0.7409007545265438,0.8014382777593146,0.6860571089196594
All sensors,All features,XGBoost,Leave-One-Subject-Out,60,240,0.8,0.7444444444444445,0.7485380116959064,0.7444444444444445,0.7409007545265438,0.8014382777593146,0.6860571089196594
Accelerometer + EMG,Top 10 selected features,Extra Trees,Leave-One-Subject-Out,60,10,0.8,0.7333333333333333,0.7544351073762838,0.7333333333333333,0.7399159216687953,0.7893119412515965,0.6756211055961738
Gyroscope + Accelerometer,All features,Extra Trees,Leave-One-Subject-Out,60,102,0.8,0.7333333333333334,0.748085248085248,0.7333333333333334,0.7386425834701696,0.7920771756978654,0.6758033430179939
EMG,Top 5 selected features,Extra Trees,Leave-One-Subject-Out,60,5,0.7666666666666667,0.7333333333333334,0.738300051203277,0.7333333333333334,0.7354940016330632,0.764735255323158,0.6244564814338057
Gyroscope + Accelerometer,Top 10 selected features,Gaussian Naive Bayes,Leave-One-Subject-Out,60,10,0.8,0.7333333333333333,0.7430555555555555,0.7333333333333333,0.7351652727996814,0.7933094384707289,0.6779076806833007
EMG,Top 10 selected features,Extra Trees,Leave-One-Subject-Out,60,10,0.7666666666666667,0.7222222222222222,0.7567693744164332,0.7222222222222222,0.7350601319710516,0.7622325989782887,0.6204683622822005
Gyroscope + EMG,Top 5 selected features,Gradient Boosting,Leave-One-Subject-Out,60,5,0.8,0.7333333333333334,0.7368663594470046,0.7333333333333334,0.7347654041831544,0.796975692481628,0.6781731680087567
All sensors,Top 5 selected features,Gradient Boosting,Leave-One-Subject-Out,60,5,0.8,0.7333333333333334,0.7368663594470046,0.7333333333333334,0.7347654041831544,0.796975692481628,0.6781731680087567
Gyroscope + EMG,All features,Logistic Regression,Leave-One-Subject-Out,60,189,0.7833333333333333,0.7333333333333334,0.747596656217346,0.7333333333333334,0.7310361954429752,0.7855652821754517,0.6617670714356081
Gyroscope,Top 5 selected features,Gaussian Naive Bayes,Leave-One-Subject-Out,60,5,0.8,0.7333333333333334,0.7384055609862061,0.7333333333333334,0.729578254168418,0.793085329970576,0.6818723218194486
Accelerometer,Top 5 selected features,Linear SVM,Leave-One-Subject-Out,60,5,0.7666666666666667,0.7222222222222222,0.7482350385576192,0.7222222222222222,0.7278714000025475,0.7672150254117468,0.6278626329624626
Accelerometer + EMG,Top 5 selected features,Logistic Regression,Leave-One-Subject-Out,60,5,0.7833333333333333,0.7222222222222222,0.730097187758478,0.7222222222222222,0.724773992092871,0.7812854121024401,0.6519029194909554
Accelerometer + EMG,Top 5 selected features,RBF SVM,Leave-One-Subject-Out,60,5,0.7833333333333333,0.7222222222222222,0.730097187758478,0.7222222222222222,0.724773992092871,0.7812854121024401,0.6519029194909554
Gyroscope + Accelerometer,Top 10 selected features,XGBoost,Leave-One-Subject-Out,60,10,0.7833333333333333,0.7222222222222222,0.7301286105840186,0.7222222222222222,0.7228040882412466,0.7798079842137219,0.6530839040088422
Accelerometer + EMG,Top 10 selected features,XGBoost,Leave-One-Subject-Out,60,10,0.7666666666666667,0.7111111111111111,0.738795518207283,0.7111111111111111,0.7207854406130267,0.75933908045977,0.6204683622822005
Gyroscope + EMG,All features,k-NN,Leave-One-Subject-Out,60,189,0.7833333333333333,0.7222222222222222,0.7388888888888889,0.7222222222222222,0.7184126984126985,0.7804761904761904,0.6607158652139772
All sensors,All features,Extra Trees,Leave-One-Subject-Out,60,240,0.7833333333333333,0.7111111111111111,0.7329545454545454,0.7111111111111111,0.7161369096852969,0.7751979203592108,0.6503189326413829
Accelerometer,Top 10 selected features,RBF SVM,Leave-One-Subject-Out,60,10,0.7666666666666667,0.7111111111111111,0.7272727272727272,0.7111111111111111,0.7160493827160493,0.7592592592592593,0.6217727134488473
Gyroscope,All features,Gradient Boosting,Leave-One-Subject-Out,60,51,0.7833333333333333,0.7111111111111111,0.7224442224442225,0.7111111111111111,0.7148330596606458,0.7742200328407224,0.6484981574415093
Gyroscope,All features,k-NN,Leave-One-Subject-Out,60,51,0.7666666666666667,0.7111111111111111,0.719344499586435,0.7111111111111111,0.7138450303442371,0.7648919694794893,0.6250203248727716
Gyroscope + Accelerometer,Top 10 selected features,Linear SVM,Leave-One-Subject-Out,60,10,0.7666666666666667,0.7111111111111111,0.719344499586435,0.7111111111111111,0.7138450303442371,0.7648919694794893,0.6250203248727716
Gyroscope + Accelerometer,All features,Random Forest,Leave-One-Subject-Out,60,102,0.7833333333333333,0.7111111111111111,0.7222222222222222,0.7111111111111111,0.7136598964555954,0.7771804062126643,0.6507913734559686
All sensors,All features,k-NN,Leave-One-Subject-Out,60,240,0.7666666666666667,0.7111111111111111,0.718350930115636,0.7111111111111111,0.7128968253968254,0.7680059523809525,0.6277837204349725
Gyroscope,Top 5 selected features,Gradient Boosting,Leave-One-Subject-Out,60,5,0.7833333333333333,0.7111111111111111,0.7152088502894954,0.7111111111111111,0.711893430031981,0.7798217118682481,0.6519029194909554
Gyroscope + Accelerometer,Top 10 selected features,Random Forest,Leave-One-Subject-Out,60,10,0.7833333333333333,0.7111111111111111,0.7152088502894954,0.7111111111111111,0.711893430031981,0.7798217118682481,0.6519029194909554
Accelerometer + EMG,All features,Logistic Regression,Leave-One-Subject-Out,60,189,0.7666666666666667,0.7111111111111111,0.7193759224119756,0.7111111111111111,0.7118751264926129,0.7634145415907712,0.6261526089981683
EMG,Top 5 selected features,RBF SVM,Leave-One-Subject-Out,60,5,0.75,0.7222222222222222,0.709644481574306,0.7222222222222222,0.7115998244427838,0.7529981139461229,0.6113659840594631
Gyroscope + Accelerometer,Top 5 selected features,Gaussian Naive Bayes,Leave-One-Subject-Out,60,5,0.7833333333333333,0.7111111111111111,0.7152777777777778,0.7111111111111111,0.71047391477499,0.7747909199522103,0.6507913734559686
Gyroscope,All features,Random Forest,Leave-One-Subject-Out,60,51,0.7833333333333333,0.7111111111111111,0.7131035209782839,0.7111111111111111,0.7090416919651892,0.7776829083181542,0.6530839040088422
Accelerometer + EMG,Top 10 selected features,Random Forest,Leave-One-Subject-Out,60,10,0.7666666666666667,0.7000000000000001,0.7267379679144385,0.7000000000000001,0.7072115384615385,0.7569711538461539,0.6213549572030473
Gyroscope,All features,RBF SVM,Leave-One-Subject-Out,60,51,0.7666666666666667,0.7000000000000001,0.720211161387632,0.7000000000000001,0.7068452380952381,0.7566964285714286,0.6201736729460422
Gyroscope,Top 10 selected features,Gaussian Naive Bayes,Leave-One-Subject-Out,60,10,0.7833333333333333,0.7111111111111111,0.7289562289562289,0.7111111111111111,0.7063492063492064,0.7678571428571428,0.654627765887489
EMG,All features,XGBoost,Leave-One-Subject-Out,60,138,0.75,0.7000000000000001,0.7074074074074074,0.7000000000000001,0.6995510662177328,0.7496632996632997,0.6024144966768742
Accelerometer + EMG,Top 5 selected features,Linear SVM,Leave-One-Subject-Out,60,5,0.7666666666666667,0.7000000000000001,0.6996484698097601,0.7000000000000001,0.6986603208179094,0.7617001586462189,0.6250203248727716
EMG,All features,Random Forest,Leave-One-Subject-Out,60,138,0.75,0.688888888888889,0.7175213675213676,0.688888888888889,0.6981142314475649,0.738970288970289,0.5919357843904194
Accelerometer + EMG,All features,Random Forest,Leave-One-Subject-Out,60,189,0.75,0.6888888888888888,0.7149859943977591,0.6888888888888888,0.6977969348659002,0.7420977011494253,0.5928919906252137
Accelerometer,Top 10 selected features,Logistic Regression,Leave-One-Subject-Out,60,10,0.7333333333333333,0.7000000000000001,0.6956896551724138,0.7000000000000001,0.6975396391470748,0.7350191361399673,0.5764244485306949
EMG,Top 5 selected features,k-NN,Leave-One-Subject-Out,60,5,0.7333333333333333,0.6888888888888888,0.6981837606837606,0.6888888888888888,0.692268305171531,0.7288786482334869,0.5686589946933454
All sensors,All features,Gradient Boosting,Leave-One-Subject-Out,60,240,0.7666666666666667,0.6888888888888888,0.6986346986346987,0.6888888888888888,0.6918445539135195,0.7569786535303776,0.6211929718650248
Accelerometer,Top 10 selected features,Linear SVM,Leave-One-Subject-Out,60,10,0.7333333333333333,0.6888888888888888,0.6930314309346568,0.6888888888888888,0.6896829593815316,0.7303769736345093,0.5712551356364042
All sensors,All features,Linear SVM,Leave-One-Subject-Out,60,240,0.7333333333333333,0.688888888888889,0.6981877771351456,0.688888888888889,0.689606877233652,0.7413430889597218,0.5820289127638664
Gyroscope,Top 10 selected features,Random Forest,Leave-One-Subject-Out,60,10,0.7666666666666667,0.6888888888888888,0.6908346134152586,0.6888888888888888,0.6895546762138056,0.7630676465046166,0.6244564814338057
Gyroscope,Top 10 selected features,Extra Trees,Leave-One-Subject-Out,60,10,0.7666666666666667,0.6888888888888888,0.6908346134152586,0.6888888888888888,0.6895546762138056,0.7630676465046166,0.6244564814338057
Gyroscope,Top 10 selected features,Gradient Boosting,Leave-One-Subject-Out,60,10,0.7666666666666667,0.6888888888888888,0.6908346134152586,0.6888888888888888,0.6895546762138056,0.7630676465046166,0.6244564814338057
Gyroscope + Accelerometer,All features,k-NN,Leave-One-Subject-Out,60,102,0.7333333333333333,0.688888888888889,0.689606877233652,0.688888888888889,0.6881818624586012,0.7364753798947984,0.5769311953965012
Accelerometer,Top 10 selected features,k-NN,Leave-One-Subject-Out,60,10,0.75,0.6777777777777777,0.6970121381886086,0.6777777777777777,0.6835222435078757,0.7392041826309067,0.5928919906252137
Gyroscope + Accelerometer,All features,RBF SVM,Leave-One-Subject-Out,60,102,0.75,0.6777777777777777,0.6970121381886086,0.6777777777777777,0.6835222435078757,0.7392041826309067,0.5928919906252137
Accelerometer,All features,Extra Trees,Leave-One-Subject-Out,60,51,0.7333333333333333,0.6777777777777777,0.694949494949495,0.6777777777777777,0.6832451499118166,0.7267195767195765,0.5671113760027948
Accelerometer,Top 10 selected features,Random Forest,Leave-One-Subject-Out,60,10,0.7333333333333333,0.6777777777777777,0.7001448306595366,0.6777777777777777,0.6829507857733664,0.7299550248138957,0.5707554404937246
Accelerometer,Top 5 selected features,Logistic Regression,Leave-One-Subject-Out,60,5,0.7333333333333333,0.6777777777777777,0.6877584780810587,0.6777777777777777,0.6814106922515172,0.732369494598474,0.5712551356364042
EMG,Top 5 selected features,XGBoost,Leave-One-Subject-Out,60,5,0.7166666666666667,0.6777777777777777,0.6846902201740911,0.6777777777777777,0.6808868789648891,0.7155831920105521,0.5438814515713791
Accelerometer + EMG,All features,Linear SVM,Leave-One-Subject-Out,60,189,0.7333333333333333,0.6777777777777777,0.6890153911026776,0.6777777777777777,0.6801128314106456,0.7313960989678203,0.5722900189768205
Accelerometer + EMG,Top 5 selected features,Gaussian Naive Bayes,Leave-One-Subject-Out,60,5,0.7666666666666667,0.688888888888889,0.7061546840958606,0.688888888888889,0.6796497584541062,0.7441123188405797,0.6276693967331295
Accelerometer + EMG,Top 5 selected features,k-NN,Leave-One-Subject-Out,60,5,0.75,0.6777777777777777,0.690615835777126,0.6777777777777777,0.6782452520157438,0.7463888570445947,0.6008577885339695
Gyroscope,Top 10 selected features,XGBoost,Leave-One-Subject-Out,60,10,0.75,0.6777777777777777,0.6763888888888889,0.6777777777777777,0.6766901495488815,0.7491842788283277,0.6002668445762342
Accelerometer + EMG,All features,Extra Trees,Leave-One-Subject-Out,60,189,0.75,0.6666666666666666,0.7015873015873014,0.6666666666666666,0.6736050156739811,0.7324764890282132,0.5927853087845185
Gyroscope,All features,Extra Trees,Leave-One-Subject-Out,60,51,0.75,0.6666666666666666,0.6729936729936729,0.6666666666666666,0.6680350301039956,0.7391215106732347,0.5938877862885401
Gyroscope + Accelerometer,Top 10 selected features,Gradient Boosting,Leave-One-Subject-Out,60,10,0.75,0.6666666666666666,0.6697649572649572,0.6666666666666666,0.6670250896057347,0.7422043010752688,0.5957379944406476
EMG,All features,Extra Trees,Leave-One-Subject-Out,60,138,0.7333333333333333,0.6666666666666666,0.6888888888888888,0.6666666666666666,0.6661616161616162,0.7117424242424242,0.5659684799706786
Gyroscope + EMG,All features,RBF SVM,Leave-One-Subject-Out,60,189,0.7333333333333333,0.6666666666666666,0.665359477124183,0.6666666666666666,0.6648946360153257,0.740050287356322,0.5800026962997934
All sensors,All features,Logistic Regression,Leave-One-Subject-Out,60,240,0.7166666666666667,0.6666666666666666,0.6846240179573512,0.6666666666666666,0.6637609269188217,0.7258908706277128,0.5646625342464663
EMG,Top 5 selected features,Logistic Regression,Leave-One-Subject-Out,60,5,0.7,0.6666666666666666,0.6624166908142568,0.6666666666666666,0.6634278199883109,0.7009606954997079,0.5238800509922252
Accelerometer,Top 5 selected features,Gradient Boosting,Leave-One-Subject-Out,60,5,0.7166666666666667,0.6555555555555556,0.6701631701631702,0.6555555555555556,0.6609195402298851,0.709975369458128,0.5392774151355709
Accelerometer,All features,Random Forest,Leave-One-Subject-Out,60,51,0.7166666666666667,0.6555555555555556,0.6665001665001665,0.6555555555555556,0.6592775041050903,0.7087438423645319,0.5392774151355709
Gyroscope + Accelerometer,All features,Linear SVM,Leave-One-Subject-Out,60,102,0.7166666666666667,0.6555555555555556,0.6671717171717172,0.6555555555555556,0.6585537918871252,0.7082010582010582,0.5397807072797686
EMG,All features,Gradient Boosting,Leave-One-Subject-Out,60,138,0.7,0.6555555555555556,0.6592933947772658,0.6555555555555556,0.6571320896928584,0.6977671000565291,0.5170231082839036
EMG,Top 5 selected features,Random Forest,Leave-One-Subject-Out,60,5,0.7,0.6555555555555556,0.6587301587301587,0.6555555555555556,0.6567173402546039,0.7008713385242863,0.520231265299403
EMG,Top 10 selected features,Random Forest,Leave-One-Subject-Out,60,10,0.7166666666666667,0.6444444444444445,0.6891209391209392,0.6444444444444445,0.656574676475174,0.7013862312369775,0.5348961926652424
Accelerometer + EMG,All features,RBF SVM,Leave-One-Subject-Out,60,189,0.7166666666666667,0.6555555555555556,0.6573097601323408,0.6555555555555556,0.6552970209765556,0.7127842411422527,0.5443725410182204
Accelerometer,Top 5 selected features,RBF SVM,Leave-One-Subject-Out,60,5,0.7,0.6555555555555556,0.654022988505747,0.6555555555555556,0.6545288864589028,0.7027610716238382,0.5234199015393667
EMG,Top 10 selected features,XGBoost,Leave-One-Subject-Out,60,10,0.7166666666666667,0.6444444444444444,0.6673669467787114,0.6444444444444444,0.6518199233716474,0.7076149425287356,0.5377392473112403
Accelerometer + EMG,All features,XGBoost,Leave-One-Subject-Out,60,189,0.7166666666666667,0.6444444444444444,0.6745098039215686,0.6444444444444444,0.6503763440860215,0.7065322580645161,0.5397956190493097
Accelerometer,Top 10 selected features,Extra Trees,Leave-One-Subject-Out,60,10,0.7166666666666667,0.6444444444444445,0.6633986928104575,0.6444444444444445,0.6501170710940826,0.7063378033205618,0.5377392473112403
EMG,All features,Logistic Regression,Leave-One-Subject-Out,60,138,0.6833333333333333,0.6444444444444445,0.6597222222222222,0.6444444444444445,0.6491437674233373,0.6804062126642773,0.4880935300919764
Accelerometer,Top 5 selected features,Random Forest,Leave-One-Subject-Out,60,5,0.7,0.6444444444444445,0.6561724565756824,0.6444444444444445,0.6489763541587973,0.6998470197174586,0.5174899464000368
Gyroscope,All features,Gaussian Naive Bayes,Leave-One-Subject-Out,60,51,0.7166666666666667,0.6444444444444445,0.6488095238095238,0.6444444444444445,0.6459028550241008,0.7102335928809789,0.5413319619607668
Gyroscope + EMG,All features,Gradient Boosting,Leave-One-Subject-Out,60,189,0.7333333333333333,0.6444444444444444,0.6537136066547831,0.6444444444444444,0.6441239316239317,0.7174679487179486,0.5661234054516653
EMG,Top 10 selected features,Gradient Boosting,Leave-One-Subject-Out,60,10,0.7,0.6333333333333333,0.6625874125874126,0.6333333333333333,0.640859140859141,0.6851898101898103,0.5073442741496281
Accelerometer + EMG,Top 10 selected features,Gradient Boosting,Leave-One-Subject-Out,60,10,0.6833333333333333,0.6333333333333333,0.6479021716213368,0.6333333333333333,0.6374215745800446,0.6829842137219185,0.4914961339447988
EMG,Top 10 selected features,k-NN,Leave-One-Subject-Out,60,10,0.7,0.6222222222222222,0.684360473834158,0.6222222222222222,0.6356209150326797,0.6825980392156862,0.507033427021852
Accelerometer + EMG,Top 5 selected features,Extra Trees,Leave-One-Subject-Out,60,5,0.7166666666666667,0.6333333333333333,0.6423611111111112,0.6333333333333333,0.635205097570689,0.7102747909199522,0.5423261445466405
Gyroscope,All features,Linear SVM,Leave-One-Subject-Out,60,51,0.7,0.6333333333333333,0.6423611111111112,0.6333333333333333,0.635205097570689,0.6941457586618877,0.5152098373193085
Accelerometer,Top 5 selected features,Extra Trees,Leave-One-Subject-Out,60,5,0.7,0.6333333333333333,0.6383928571428571,0.6333333333333333,0.6351501668520578,0.6941045606229143,0.5142653638627285
Accelerometer + EMG,Top 5 selected features,XGBoost,Leave-One-Subject-Out,60,5,0.7,0.6333333333333333,0.6425925925925926,0.6333333333333333,0.6344556677890011,0.7008417508417508,0.5220925637866243
Gyroscope,All features,Logistic Regression,Leave-One-Subject-Out,60,51,0.7,0.6333333333333333,0.6363095238095239,0.6333333333333333,0.6344456803856137,0.7008342602892103,0.520231265299403
Accelerometer,All features,Logistic Regression,Leave-One-Subject-Out,60,51,0.7,0.6333333333333333,0.6347670250896057,0.6333333333333333,0.6337792852207776,0.6966459393254193,0.5170231082839036
Gyroscope + Accelerometer,All features,Logistic Regression,Leave-One-Subject-Out,60,102,0.6833333333333333,0.6333333333333333,0.6322595704948646,0.6333333333333333,0.6318007662835249,0.689367816091954,0.5009114195316398
Accelerometer,Top 5 selected features,k-NN,Leave-One-Subject-Out,60,5,0.7166666666666667,0.6222222222222222,0.6437451437451438,0.6222222222222222,0.6253746253746254,0.6963036963036963,0.5355300671579408
Accelerometer,Top 10 selected features,XGBoost,Leave-One-Subject-Out,60,10,0.6833333333333333,0.6222222222222222,0.6398392527424785,0.6222222222222222,0.6252563465678219,0.6820570140242271,0.4928384108199975
EMG,Top 5 selected features,Gradient Boosting,Leave-One-Subject-Out,60,5,0.6833333333333333,0.6222222222222222,0.6367201426024955,0.6222222222222222,0.6246794871794873,0.6716346153846153,0.48327607782459236
Accelerometer + EMG,Top 5 selected features,Random Forest,Leave-One-Subject-Out,60,5,0.7,0.6222222222222222,0.6271506271506272,0.6222222222222222,0.6230614851304507,0.6895183360700602,0.5119722295590863
Accelerometer + EMG,All features,k-NN,Leave-One-Subject-Out,60,189,0.7,0.6222222222222222,0.639691027926322,0.6222222222222222,0.6229629629629629,0.6894444444444443,0.5148593138915215
Accelerometer,Top 5 selected features,XGBoost,Leave-One-Subject-Out,60,5,0.6833333333333333,0.6222222222222222,0.6246794871794873,0.6222222222222222,0.6224270353302611,0.6764976958525346,0.4874219954514389
All sensors,All features,RBF SVM,Leave-One-Subject-Out,60,240,0.7,0.6222222222222222,0.6222222222222222,0.6222222222222222,0.6222222222222222,0.7,0.52
EMG,Top 5 selected features,Linear SVM,Leave-One-Subject-Out,60,5,0.6666666666666666,0.6222222222222222,0.6222222222222222,0.6222222222222222,0.6222222222222222,0.6666666666666666,0.4666666666666667
Accelerometer,All features,k-NN,Leave-One-Subject-Out,60,51,0.6833333333333333,0.6222222222222222,0.625,0.6222222222222222,0.6212664277180406,0.6756272401433692,0.4880935300919764
Accelerometer + EMG,All features,Gradient Boosting,Leave-One-Subject-Out,60,189,0.6833333333333333,0.6111111111111112,0.6227272727272727,0.6111111111111112,0.6141093474426808,0.6748677248677247,0.48511936983371606
Accelerometer,All features,XGBoost,Leave-One-Subject-Out,60,51,0.6833333333333333,0.6111111111111112,0.6145833333333334,0.6111111111111112,0.6121616611049313,0.6768631813125695,0.4871987657646901
Accelerometer,All features,RBF SVM,Leave-One-Subject-Out,60,51,0.6833333333333333,0.6,0.607843137254902,0.6,0.6011904761904762,0.6696428571428572,0.48235730118025505
Accelerometer,Top 5 selected features,Gaussian Naive Bayes,Leave-One-Subject-Out,60,5,0.6666666666666666,0.611111111111111,0.5914498890905424,0.611111111111111,0.596937582314784,0.659567593515749,0.4729131527504449
EMG,All features,Linear SVM,Leave-One-Subject-Out,60,138,0.65,0.5777777777777778,0.613022113022113,0.5777777777777778,0.5863417952970192,0.633786197219033,0.4207850048966573
EMG,All features,RBF SVM,Leave-One-Subject-Out,60,138,0.6666666666666666,0.5888888888888889,0.6273182957393483,0.5888888888888889,0.5859180035650624,0.6379679144385026,0.4519411433189526
Accelerometer,All features,Linear SVM,Leave-One-Subject-Out,60,51,0.65,0.5777777777777778,0.5902777777777778,0.5777777777777778,0.5795160633870311,0.6409862538894797,0.43126413427796967
Accelerometer,Top 10 selected features,Gaussian Naive Bayes,Leave-One-Subject-Out,60,10,0.6666666666666666,0.6,0.5722222222222223,0.6,0.5784126984126984,0.6504761904761905,0.4719399037242694
Gyroscope + Accelerometer,All features,Gaussian Naive Bayes,Leave-One-Subject-Out,60,102,0.65,0.5777777777777777,0.5777777777777777,0.5777777777777777,0.5777777777777777,0.65,0.44
Accelerometer,Top 10 selected features,Gradient Boosting,Leave-One-Subject-Out,60,10,0.6333333333333333,0.5666666666666668,0.5740740740740741,0.5666666666666668,0.5673400673400674,0.6338383838383839,0.4149966532662911
Accelerometer + EMG,Top 5 selected features,Gradient Boosting,Leave-One-Subject-Out,60,5,0.65,0.5666666666666668,0.5684294871794872,0.5666666666666668,0.5665130568356375,0.6426267281105991,0.43326399595683457
EMG,Top 10 selected features,Gaussian Naive Bayes,Leave-One-Subject-Out,60,10,0.65,0.5444444444444444,0.6009966777408638,0.5444444444444444,0.5424159402241594,0.6054420921544209,0.41874015910697987
EMG,All features,k-NN,Leave-One-Subject-Out,60,138,0.6333333333333333,0.5333333333333333,0.5432575432575433,0.5333333333333333,0.527649110767999,0.6046920569565962,0.3934598389049582
Accelerometer,All features,Gradient Boosting,Leave-One-Subject-Out,60,51,0.5833333333333334,0.5222222222222223,0.5221755368814193,0.5222222222222223,0.5213122605363985,0.5892600574712644,0.3427288659953325
EMG,Top 5 selected features,Gaussian Naive Bayes,Leave-One-Subject-Out,60,5,0.6,0.4888888888888889,0.6069148936170213,0.4888888888888889,0.4873517786561265,0.5473320158102767,0.324262130597265
All sensors,All features,Gaussian Naive Bayes,Leave-One-Subject-Out,60,240,0.6,0.4888888888888889,0.4819624819624819,0.4888888888888889,0.46904946904946904,0.5462315462315462,0.32539568672798425
Gyroscope + EMG,All features,Gaussian Naive Bayes,Leave-One-Subject-Out,60,189,0.5833333333333334,0.46666666666666673,0.5041371158392435,0.46666666666666673,0.44417862838915473,0.5149521531100478,0.29009938072239616
Accelerometer,All features,Gaussian Naive Bayes,Leave-One-Subject-Out,60,51,0.45,0.4222222222222222,0.4688995215311004,0.4222222222222222,0.4301936991012621,0.4859105804483955,0.187428627462958
EMG,All features,Gaussian Naive Bayes,Leave-One-Subject-Out,60,138,0.55,0.4222222222222222,0.52,0.4222222222222222,0.39874686716791974,0.47406015037593985,0.21490278292025497
Accelerometer + EMG,All features,Gaussian Naive Bayes,Leave-One-Subject-Out,60,189,0.5333333333333333,0.39999999999999997,0.4238095238095238,0.39999999999999997,0.3648583484026522,0.45085895117540686,0.17810760752815266
